TET,MMC,IPM,CAZ,KAN,CIP,PME,ERY,CHL,consensus
b0001,b0032,b0025,b0032,b0013,b0032,b0234,b0008,b0991,b0025
b0025,b0034,b0032,b0034,b0022,b0033,b0318,b0025,b1073,b0038
b0038,b0036,b0038,b0038,b0032,b0034,b0329,b0026,b1797,b0040
b0040,b0037,b0039,b0039,b0034,b0036,b0707,b0028,b1946,b0060
b0060,b0038,b0070,b0060,b0035,b0040,b0787,b0038,b2207,b0072
b0072,b0039,b0097,b0068,b0036,b0041,b0794,b0039,b3121,b0073
b0073,b0041,b0104,b0070,b0037,b0046,b0796,b0048,b1223,b0074
b0074,b0043,b0106,b0104,b0038,b0060,b0797,b0049,b0990,b0076
b0076,b0045,b0113,b0113,b0039,b0066,b1197,b0051,b0656,b0077
b0077,b0060,b0125,b0116,b0040,b0068,b1268,b0052,b4517,b0104
b0104,b0068,b0157,b0120,b0041,b0070,b1304,b0053,b1674,b0106
b0106,b0070,b0161,b0121,b0042,b0104,b1450,b0055,b1224,b0126
b0126,b0099,b0167,b0157,b0043,b0106,b1469,b0072,b1474,b0127
b0127,b0104,b0174,b0161,b0045,b0126,b1535,b0073,b0301,b0135
b0135,b0106,b0175,b0167,b0064,b0127,b1585,b0074,b2402,b0138
b0138,b0113,b0183,b0169,b0065,b0135,b1599,b0077,b1551,b0139
b0139,b0121,b0211,b0174,b0068,b0138,b1600,b0097,b3365,b0144
b0144,b0135,b0214,b0211,b0070,b0139,b1601,b0099,b1074,b0160
b0145,b0139,b0296,b0214,b0075,b0141,b1843,b0102,b3366,b0162
b0147,b0140,b0354,b0231,b0076,b0144,b1846,b0103,b2206,b0169
b0160,b0157,b0369,b0244,b0077,b0157,b1973,b0113,b0303,b0178
b0162,b0161,b0393,b0312,b0078,b0161,b2053,b0116,b0339,b0183
b0169,b0167,b0398,b0313,b0104,b0162,b2131,b0121,b4071,b0185
b0178,b0174,b0406,b0318,b0106,b0169,b2253,b0126,b1796,b0193
b0183,b0211,b0417,b0327,b0107,b0174,b2254,b0127,b2878,b0217
b0185,b0217,b0421,b0336,b0108,b0175,b2255,b0128,b1225,b0224
b0191,b0218,b0436,b0369,b0112,b0183,b2567,b0157,b2667,b0231
b0193,b0231,b0463,b0381,b0123,b0185,b3216,b0161,b3117,b0232
b0217,b0232,b0465,b0393,b0135,b0193,b3238,b0169,b2871,b0234
b0222,b0234,b0469,b0398,b0138,b0217,b3363,b0172,b4688,b0235
b0223,b0244,b0470,b0406,b0139,b0231,b3416,b0174,b2870,b0236
b0224,b0252,b0472,b0436,b0140,b0234,b3417,b0175,b0137,b0241
b0231,b0278,b0495,b0452,b0141,b0235,b3534,b0178,b3556,b0242
b0232,b0294,b0496,b0458,b0144,b0236,b3548,b0183,b2379,b0244
b0234,b0295,b0522,b0463,b0148,b0241,b3859,b0188,b1226,b0249
b0235,b0297,b0523,b0469,b0149,b0244,b3862,b0210,b0528,b0251
b0236,b0311,b0524,b0523,b0156,b0253,b4108,b0211,b0929,b0253
b0241,b0312,b0569,b0524,b0157,b0272,b4111,b0215,b2203,b0254
b0242,b0315,b0571,b0536,b0160,b0277,b4127,b0224,b1905,b0277
b0244,b0317,b0576,b0583,b0161,b0278,b4149,b0243,b2208,b0288
b0249,b0318,b0577,b0607,b0162,b0288,b4237,b0254,b4036,b0295
b0251,b0319,b0628,b0628,b0169,b0294,b4238,b0288,b0450,b0310
b0253,b0320,b0630,b0632,b0175,b0295,b4248,b0341,b2205,b0315
b0254,b0327,b0632,b0635,b0183,b0310,b4555,b0386,b3704,b0317
b0277,b0336,b0635,b0650,b0188,b0315,b2667,b0393,b2668,b0326
b0288,b0364,b0661,b0661,b0192,b0317,b1905,b0398,b4072,b0327
b0295,b0369,b0684,b0683,b0193,b0326,b3704,b0404,b2879,b0354
b0310,b0393,b0736,b0684,b0201,b0327,b2668,b0406,b0721,b0357
b0315,b0398,b0737,b0736,b0210,b0336,b0721,b0411,b4062,b0386
b0317,b0406,b0738,b0737,b0217,b0363,b1558,b0414,b1475,b0392
b0326,b0436,b0774,b0738,b0218,b0364,b1915,b0421,b3118,b0398
b0327,b0469,b0797,b0750,b0226,b0369,b1014,b0436,b0263,b0406
b0354,b0499,b0813,b0774,b0229,b0376,b0946,b0452,b4566,b0427
b0357,b0501,b0817,b0797,b0230,b0392,b1163,b0469,b3115,b0436
b0386,b0504,b0818,b0817,b0231,b0393,b1530,b0470,b4667,b0458
b0392,b0511,b0822,b0818,b0232,b0398,b0459,b0471,b0846,b0463
b0398,b0516,b0835,b0822,b0234,b0406,b1243,b0472,b1557,b0498
b0406,b0517,b0837,b0835,b0235,b0408,b2681,b0478,b0280,b0515
b0427,b0522,b0841,b0841,b0236,b0411,b1216,b0515,b0844,b0516
b0436,b0523,b0847,b0847,b0241,b0427,b2369,b0524,b4032,b0522
b0458,b0524,b0853,b0853,b0242,b0436,b0460,b0536,b4307,b0523
b0462,b0527,b0874,b0874,b0244,b0463,b1234,b0555,b4037,b0527
b0463,b0532,b0892,b0888,b0245,b0465,b1329,b0567,b1977,b0532
b0481,b0533,b0905,b0892,b0247,b0469,b2533,b0627,b0574,b0535
b0498,b0535,b0910,b0899,b0248,b0501,b0304,b0630,b3116,b0536
b0515,b0536,b0914,b0905,b0249,b0511,b1707,b0632,b3707,b0539
b0516,b0544,b0915,b0910,b0251,b0523,b0443,b0635,b0722,b0542
b0522,b0551,b0916,b0921,b0252,b0527,b0461,b0638,b2289,b0543
b0523,b0587,b0926,b0926,b0253,b0532,b0795,b0639,b2888,b0544
b0527,b0616,b0927,b0940,b0254,b0536,b2112,b0674,b2693,b0554
b0532,b0628,b0948,b0948,b0267,b0543,b1182,b0683,b2789,b0555
b0535,b0629,b0960,b0960,b0272,b0544,b4050,b0684,b2669,b0556
b0536,b0630,b0969,b0969,b0276,b0562,b4026,b0736,b4306,b0559
b0539,b0632,b0970,b0970,b0277,b0565,b2302,b0737,b4070,b0562
b0542,b0645,b0993,b0985,b0278,b0576,b3291,b0738,b2734,b0565
b0543,b0646,b1047,b1021,b0288,b0578,b2060,b0740,b3051,b0576
b0544,b0647,b1062,b1047,b0289,b0587,b1060,b0746,b0306,b0577
b0554,b0649,b1069,b1062,b0290,b0603,b1951,b0765,b4432,b0583
b0555,b0650,b1086,b1069,b0291,b0619,,b0796,b4035,b0588
b0556,b0661,b1088,b1086,b0292,b0620,,b0797,b1821,b0589
b0559,b0684,b1095,b1088,b0293,b0621,,b0818,b0784,b0602
b0562,b0691,b1109,b1095,b0294,b0629,,b0827,b1075,b0620
b0565,b0703,b1112,b1109,b0295,b0632,,b0841,b1715,b0629
b0576,b0704,b1113,b1112,b0297,b0635,,b0847,b4557,b0638
b0577,b0716,b1116,b1113,b0310,b0638,,b0865,b0845,b0646
b0583,b0718,b1131,b1131,b0311,b0645,,b0888,b0233,b0647
b0588,b0719,b1164,b1164,b0312,b0646,,b0892,b0342,b0649
b0589,b0731,b1179,b1172,b0313,b0647,,b0909,b4345,b0661
b0602,b0736,b1203,b1183,b0315,b0650,,b0910,b3636,b0681
b0620,b0737,b1204,b1185,b0317,b0661,,b0914,b2659,b0683
b0629,b0750,b1206,b1203,b0318,b0665,,b0915,b1558,b0691
b0638,b0768,b1207,b1204,b0319,b0681,,b0918,b3126,b0714
b0646,b0771,b1255,b1206,b0320,b0691,,b0921,b0843,b0716
b0647,b0779,b1266,b1207,b0321,b0716,,b0923,b1857,b0718
b0649,b0797,b1268,b1213,b0323,b0718,,b0927,b3050,b0719
b0661,b0800,b1282,b1242,b0326,b0719,,b0948,b0305,b0736
b0681,b0818,b1298,b1266,b0327,b0731,,b0957,b1580,b0737
b0683,b0835,b1304,b1268,b0328,b0736,,b0964,b3710,b0738
b0691,b0841,b1306,b1282,b0336,b0737,,b0967,b2875,b0739
b0714,b0853,b1320,b1298,b0338,b0738,,b0984,b1227,b0740
b0716,b0872,b1330,b1299,b0343,b0739,,b0985,b1915,b0797
b0718,b0874,b1343,b1304,b0344,b0745,,b1018,b0063,b0805
b0719,b0892,b1355,b1306,b0346,b0746,,b1019,b3354,b0813
b0736,b0899,b1421,b1307,b0347,b0747,,b1024,b2997,b0818
b0737,b0901,b1424,b1308,b0348,b0750,,b1036,b3708,b0853
b0738,b0905,b1520,b1309,b0356,b0765,,b1054,b1552,b0874
b0739,b0910,b1523,b1319,b0357,b0771,,b1059,b3476,b0888
b0740,b0940,b1535,b1320,b0358,b0772,,b1070,b0372,b0892
b0741,b0948,b1560,b1386,b0361,b0787,,b1079,b4523,b0900
b0742,b0960,b1588,b1419,b0363,b0796,,b1088,b4502,b0909
b0797,b0969,b1592,b1421,b0364,b0797,,b1092,b2605,b0910
b0805,b0970,b1599,b1424,b0365,b0807,,b1095,b0987,b0911
b0813,b0985,b1600,b1430,b0366,b0822,,b1096,b1014,b0916
b0818,b0989,b1601,b1435,b0367,b0834,,b1097,b2876,b0940
b0849,b0993,b1627,b1438,b0368,b0835,,b1099,b0553,b0941
b0853,b1001,b1644,b1439,b0373,b0841,,b1116,b0946,b0948
b0874,b1021,b1652,b1445,b0375,b0848,,b1118,b1623,b0984
b0888,b1022,b1658,b1450,b0378,b0852,,b1119,b2996,b0985
b0892,b1024,b1733,b1459,b0392,b0853,,b1164,b1233,b0986
b0900,b1025,b1742,b1469,b0400,b0858,,b1180,b3873,b0989
b0909,b1029,b1749,b1499,b0427,b0868,,b1185,b4542,b1018
b0910,b1047,b1758,b1520,b0448,b0874,,b1203,b3175,b1019
b0911,b1062,b1782,b1535,b0451,b0883,,b1204,b4640,b1021
b0916,b1069,b1808,b1560,b0458,b0888,,b1206,b3083,b1022
b0940,b1086,b1812,b1566,b0463,b0899,,b1207,b1531,b1024
b0941,b1088,b1822,b1588,b0465,b0905,,b1213,b0557,b1025
b0948,b1109,b1825,b1591,b0467,b0910,,b1214,b3775,b1029
b0984,b1113,b1829,b1592,b0469,b0940,,b1238,b2518,b1036
b0985,b1121,b1843,b1599,b0475,b0948,,b1242,b2082,b1043
b0986,b1131,b1846,b1600,b0476,b0984,,b1249,b3477,b1057
b0989,b1139,b1849,b1601,b0495,b0985,,b1254,b4483,b1062
b1018,b1140,b1876,b1627,b0496,b0986,,b1255,b2766,b1086
b1019,b1141,b1961,b1629,b0498,b0989,,b1266,b4109,b1088
b1021,b1146,b1962,b1638,b0499,b0993,,b1275,b1163,b1095
b1022,b1147,b1973,b1652,b0501,b1001,,b1279,b3263,b1116
b1024,b1148,b2010,b1654,b0504,b1012,,b1280,b3076,b1131
b1025,b1151,b2027,b1658,b0505,b1018,,b1383,b2524,b1155
b1029,b1152,b2042,b1660,b0511,b1019,,b1388,b1061,b1159
b1036,b1153,b2044,b1662,b0515,b1021,,b1389,b1339,b1160
b1043,b1155,b2069,b1704,b0516,b1022,,b1390,b2801,b1161
b1057,b1157,b2107,b1722,b0517,b1024,,b1391,b2204,b1164
b1062,b1158,b2140,b1728,b0518,b1025,,b1445,b3367,b1172
b1086,b1159,b2152,b1735,b0520,b1029,,b1465,b1938,b1180
b1088,b1160,b2153,b1738,b0521,b1036,,b1466,b1892,b1185
b1095,b1161,b2170,b1742,b0522,b1047,,b1469,b4034,b1193
b1116,b1164,b2183,b1749,b0523,b1057,,b1476,b4478,b1206
b1131,b1183,b2185,b1771,b0527,b1062,,b1523,b4596,b1213
b1155,b1202,b2188,b1782,b0531,b1069,,b1570,b1922,b1214
b1159,b1203,b2193,b1808,b0532,b1082,,b1591,b2872,b1238
b1160,b1204,b2210,b1809,b0533,b1086,,b1602,b4110,b1242
b1161,b1206,b2312,b1814,b0534,b1088,,b1612,b1581,b1268
b1164,b1207,b2316,b1822,b0535,b1095,,b1627,b0636,b1282
b1172,b1213,b2330,b1825,b0536,b1121,,b1629,b1221,b1309
b1180,b1238,b2350,b1828,b0539,b1125,,b1634,b1284,b1319
b1185,b1268,b2351,b1831,b0542,b1140,,b1644,b2435,b1320
b1193,b1282,b2395,b1842,b0543,b1141,,b1652,b0340,b1349
b1206,b1304,b2413,b1843,b0544,b1148,,b1654,b2175,b1355
b1213,b1306,b2420,b1846,b0547,b1160,,b1708,b3075,b1366
b1214,b1309,b2455,b1849,b0549,b1161,,b1710,b2798,b1368
b1236,b1310,b2469,b1860,b0550,b1171,,b1711,b1841,b1377
b1238,b1319,b2476,b1861,b0551,b1172,,b1712,b0170,b1410
b1242,b1320,b2499,b1876,b0554,b1183,,b1713,b1945,b1419
b1268,b1330,b2500,b1924,b0556,b1185,,b1714,b2788,b1421
b1282,b1352,b2517,b1961,b0558,b1193,,b1722,b0429,b1438
b1309,b1353,b2519,b1962,b0559,b1194,,b1728,b0685,b1439
b1319,b1366,b2526,b1983,b0562,b1201,,b1754,b3709,b1450
b1320,b1368,b2527,b1986,b0565,b1202,,b1760,b3127,b1451
b1345,b1377,b2528,b2008,b0568,b1206,,b1768,b0873,b1459
b1349,b1383,b2529,b2010,b0569,b1207,,b1813,b3964,b1494
b1355,b1386,b2530,b2014,b0571,b1213,,b1814,b1232,b1495
b1366,b1387,b2550,b2027,b0572,b1238,,b1822,b2727,b1496
b1368,b1408,b2551,b2042,b0573,b1268,,b1829,b2768,b1497
b1377,b1409,b2559,b2071,b0575,b1282,,b1831,b4085,b1505
b1400,b1421,b2571,b2106,b0576,b1304,,b1842,b0416,b1506
b1410,b1424,b2574,b2107,b0577,b1309,,b1844,b1816,b1523
b1419,b1430,b2575,b2152,b0583,b1310,,b1846,b2428,b1535
b1421,b1435,b2594,b2153,b0587,b1319,,b1860,b4340,b1542
b1438,b1439,b2608,b2183,b0588,b1320,,b1866,b2603,b1554
b1439,b1450,b2611,b2185,b0589,b1353,,b1867,b1407,b1555
b1446,b1453,b2682,b2186,b0601,b1355,,b1870,b3870,b1556
b1450,b1459,b2701,b2193,b0602,b1365,,b1871,b1071,b1560
b1451,b1469,b2747,b2209,b0603,b1366,,b1874,b2620,b1564
b1459,b1494,b2765,b2210,b0612,b1368,,b1875,b0689,b1566
b1494,b1496,b2813,b2292,b0614,b1377,,b1876,b0164,b1579
b1495,b1497,b2827,b2312,b0615,b1408,,b1909,b4055,b1592
b1496,b1499,b2828,b2316,b0616,b1409,,b1928,b3185,b1599
b1497,b1502,b2829,b2330,b0619,b1410,,b1961,b4573,b1600
b1505,b1504,b2830,b2349,b0620,b1421,,b1962,b1137,b1612
b1506,b1505,b2891,b2350,b0629,b1435,,b1972,b2259,b1627
b1523,b1520,b2929,b2351,b0635,b1439,,b1973,b1530,b1629
b1535,b1523,b2951,b2352,b0638,b1445,,b2019,b4088,b1634
b1542,b1527,b2952,b2393,b0644,b1450,,b2020,b0781,b1651
b1554,b1535,b2955,b2395,b0645,b1451,,b2023,b2953,b1654
b1555,b1549,b2961,b2396,b0646,b1453,,b2027,b4585,b1658
b1556,b1560,b2992,b2413,b0647,b1459,,b2040,b0432,b1663
b1560,b1566,b2995,b2420,b0648,b1469,,b2041,b4477,b1691
b1564,b1579,b3002,b2456,b0649,b1476,,b2044,b2880,b1696
b1566,b1591,b3055,b2480,b0650,b1488,,b2096,b3114,b1705
b1579,b1592,b3072,b2497,b0661,b1494,,b2106,b1076,b1712
b1592,b1599,b3095,b2498,b0674,b1495,,b2107,b0062,b1716
b1599,b1600,b3105,b2499,b0681,b1496,,b2126,b1532,b1722
b1600,b1601,b3155,b2500,b0691,b1497,,b2145,b2509,b1736
b1612,b1615,b3162,b2508,b0692,b1499,,b2149,b0763,b1738
b1627,b1627,b3163,b2517,b0693,b1502,,b2153,b0724,b1749
b1629,b1629,b3182,b2534,b0695,b1503,,b2170,b1673,b1759
b1634,b1644,b3190,b2550,b0696,b1504,,b2173,b3301,b1761
b1651,b1645,b3195,b2551,b0703,b1505,,b2174,b0023,b1768
b1654,b1652,b3197,b2559,b0709,b1523,,b2182,b3308,b1771
b1658,b1654,b3230,b2561,b0714,b1535,,b2183,b3753,b1782
b1663,b1658,b3232,b2567,b0716,b1542,,b2186,b4017,b1788
b1691,b1660,b3235,b2571,b0718,b1554,,b2187,b4018,b1801
b1696,b1662,b3238,b2574,b0719,b1556,,b2188,b4342,b1809
b1705,b1691,b3240,b2575,b0720,b1560,,b2194,b0502,b1812
b1712,b1692,b3241,b2581,b0730,b1566,,b2197,b0723,b1822
b1716,b1694,b3243,b2582,b0731,b1579,,b2199,b2683,b1825
b1722,b1695,b3250,b2595,b0737,b1592,,b2210,b4535,b1831
b1736,b1696,b3251,b2617,b0738,b1599,,b2235,b1584,b1846
b1738,b1722,b3252,b2686,b0739,b1600,,b2277,b1988,b1877
b1749,b1728,b3260,b2695,b0740,b1605,,b2278,b4595,b1889
b1759,b1734,b3261,b2698,b0745,b1627,,b2281,b4440,b1904
b1761,b1742,b3289,b2699,b0746,b1629,,b2282,b4346,b1923
b1768,b1749,b3297,b2701,b0747,b1634,,b2290,b3344,b1924
b1771,b1769,b3298,b2713,b0750,b1644,,b2293,b1583,b1928
b1782,b1782,b3304,b2747,b0760,b1645,,b2299,b1685,b1936
b1788,b1801,b3306,b2748,b0765,b1649,,b2300,b3872,b1968
b1801,b1808,b3313,b2753,b0768,b1651,,b2301,b2684,b1981
b1809,b1809,b3314,b2765,b0769,b1652,,b2309,b0782,b1986
b1812,b1814,b3317,b2791,b0770,b1658,,b2310,b2157,b1989
b1822,b1822,b3318,b2829,b0771,b1660,,b2314,b1023,b2001
b1825,b1825,b3319,b2843,b0772,b1663,,b2319,b2977,b2010
b1831,b1828,b3320,b2845,b0774,b1690,,b2327,b0118,b2027
b1832,b1843,b3346,b2863,b0777,b1691,,b2328,b2896,b2043
b1838,b1846,b3347,b2868,b0780,b1695,,b2329,b3479,b2044
b1846,b1847,b3351,b2873,b0787,b1696,,b2330,b2436,b2071
b1877,b1860,b3352,b2874,b0794,b1722,,b2342,b0826,b2072
b1889,b1861,b3363,b2881,b0796,b1728,,b2344,b4122,b2105
b1904,b1862,b3364,b2882,b0797,b1734,,b2350,b3171,b2106
b1923,b1877,b3396,b2883,b0805,b1742,,b2393,b1631,b2107
b1924,b1878,b3424,b2891,b0807,b1749,,b2412,b2287,b2109
b1928,b1924,b3425,b2939,b0813,b1750,,b2413,b1858,b2155
b1936,b1936,b3434,b2951,b0817,b1769,,b2432,b1891,b2174
b1968,b1961,b3438,b2956,b0818,b1771,,b2451,b2897,b2185
b1974,b1968,b3461,b2963,b0822,b1775,,b2452,b4337,b2186
b1981,b1983,b3470,b2965,b0834,b1776,,b2453,b4350,b2193
b1986,b1986,b3493,b2972,b0835,b1782,,b2454,b2823,b2210
b1989,b1989,b3527,b2980,b0840,b1801,,b2455,b2151,b2238
b2001,b2008,b3539,b2995,b0841,b1812,,b2456,b3478,b2255
b2006,b2010,b3552,b3002,b0847,b1822,,b2458,b3092,b2270
b2010,b2027,b3585,b3035,b0848,b1825,,b2462,b1138,b2274
b2027,b2042,b3613,b3055,b0858,b1830,,b2479,b0715,b2275
b2028,b2043,b3614,b3088,b0868,b1831,,b2508,b3065,b2305
b2043,b2046,b3615,b3095,b0874,b1843,,b2517,b0945,b2306
b2044,b2049,b3618,b3146,b0883,b1846,,b2519,b2802,b2322
b2071,b2050,b3639,b3162,b0888,b1847,,b2522,b2220,b2330
b2072,b2052,b3644,b3190,b0899,b1860,,b2523,b2399,b2332
b2105,b2053,b3650,b3216,b0900,b1861,,b2526,b3084,b2349
b2106,b2054,b3654,b3232,b0901,b1877,,b2527,b4441,b2350
b2107,b2055,b3673,b3238,b0909,b1881,,b2537,b1230,b2351
b2109,b2056,b3700,b3250,b0910,b1883,,b2539,b3480,b2352
b2123,b2062,b3701,b3251,b0911,b1884,,b2541,b1959,b2354
b2155,b2071,b3702,b3252,b0913,b1885,,b2551,b3403,b2367
b2174,b2072,b3712,b3260,b0914,b1886,,b2552,b0459,b2375
b2185,b2106,b3715,b3261,b0915,b1887,,b2554,b0307,b2395
b2186,b2107,b3716,b3262,b0916,b1888,,b2555,b0652,b2396
b2193,b2108,b3738,b3320,b0920,b1889,,b2561,b3312,b2405
b2210,b2109,b3739,b3341,b0921,b1890,,b2563,b3693,b2420
b2238,b2119,b3740,b3342,b0934,b1901,,b2564,b2944,b2432
b2251,b2139,b3744,b3346,b0935,b1921,,b2565,b2618,b2455
b2255,b2140,b3754,b3347,b0936,b1923,,b2569,b0434,b2458
b2269,b2152,b3755,b3363,b0937,b1924,,b2571,b1798,b2462
b2270,b2163,b3778,b3364,b0938,b1925,,b2582,b1717,b2476
b2274,b2165,b3780,b3396,b0939,b1936,,b2587,b2288,b2480
b2275,b2166,b3784,b3423,b0940,b1983,,b2594,b2325,b2499
b2303,b2170,b3786,b3424,b0941,b1986,,b2598,b2102,b2500
b2305,b2186,b3787,b3425,b0942,b1989,,b2611,b1839,b2517
b2306,b2193,b3788,b3434,b0943,b2008,,b2630,b2461,b2522
b2322,b2199,b3789,b3470,b0944,b2014,,b2631,b2677,b2523
b2330,b2210,b3790,b3493,b0948,b2027,,b2646,b3311,b2526
b2332,b2252,b3806,b3503,b0949,b2041,,b2660,b2782,b2527
b2349,b2270,b3809,b3527,b0956,b2046,,b2661,b2285,b2531
b2350,b2271,b3812,b3528,b0959,b2048,,b2662,b2172,b2537
b2351,b2273,b3822,b3539,b0967,b2049,,b2663,b1633,b2539
b2352,b2274,b3825,b3552,b0969,b2050,,b2664,b1077,b2541
b2354,b2275,b3826,b3613,b0981,b2053,,b2689,b1243,b2542
b2367,b2316,b3833,b3614,b0982,b2054,,b2690,b2681,b2543
b2375,b2322,b3835,b3615,b0983,b2056,,b2708,b2904,b2554
b2395,b2330,b3859,b3618,b0984,b2062,,b2717,b0316,b2555
b2396,b2339,b3860,b3642,b0985,b2071,,b2718,b2877,b2561
b2405,b2345,b3861,b3644,b0986,b2107,,b2737,b1643,b2565
b2420,b2349,b3862,b3654,b0988,b2108,,b2738,b2073,b2567
b2432,b2350,b3871,b3664,b0989,b2109,,b2746,b2101,b2575
b2450,b2351,b3954,b3673,b0992,b2118,,b2747,b0238,b2581
b2455,b2358,b3972,b3696,b0993,b2119,,b2765,b0748,b2594
b2458,b2367,b3973,b3700,b0994,b2126,,b2791,b1794,b2617
b2462,b2374,b3977,b3702,b0995,b2139,,b2792,b1216,b2629
b2476,b2375,b3983,b3712,b0996,b2140,,b2794,b0744,b2630
b2480,b2376,b3984,b3715,b0997,b2163,,b2797,b3125,b2631
b2499,b2395,b3985,b3716,b0998,b2165,,b2807,b2459,b2641
b2500,b2396,b3999,b3736,b1006,b2166,,b2810,b2094,b2646
b2517,b2413,b4006,b3738,b1008,b2170,,b2813,b0512,b2647
b2522,b2420,b4044,b3739,b1009,b2173,,b2824,b3717,b2678
b2523,b2445,b4052,b3740,b1010,b2174,,b2825,b1762,b2679
b2526,b2481,b4058,b3754,b1011,b2183,,b2827,b0783,b2691
b2527,b2482,b4064,b3755,b1012,b2185,,b2832,b3646,b2695
b2531,b2497,b4108,b3764,b1018,b2186,,b2845,b3645,b2698
b2537,b2498,b4111,b3778,b1019,b2210,,b2868,b4202,b2699
b2539,b2499,b4146,b3784,b1020,b2229,,b2890,b3893,b2702
b2541,b2508,b4155,b3813,b1021,b2230,,b2891,b3891,b2703
b2542,b2517,b4200,b3822,b1022,b2255,,b2892,b0225,b2711
b2543,b2530,b4201,b3825,b1024,b2263,,b2893,b1498,b2713
b2554,b2531,b4207,b3832,b1025,b2270,,b2906,b3299,b2746
b2555,b2534,b4226,b3833,b1028,b2271,,b2909,b2460,b2747
b2561,b2551,b4232,b3842,b1029,b2275,,b2923,b2562,b2748
b2565,b2558,b4233,b3859,b1032,b2305,,b2927,b4049,b2753
b2567,b2559,b4237,b3860,b1036,b2322,,b2939,b4484,b2754
b2575,b2561,b4360,b3861,b1041,b2330,,b2951,b3382,b2755
b2581,b2565,b4361,b3862,b1043,b2339,,b2952,b2866,b2756
b2594,b2567,b4362,b3865,b1044,b2344,,b2955,b3305,b2757
b2609,b2571,b4364,b3871,b1047,b2345,,b2961,b0727,b2758
b2617,b2574,b4372,b3972,b1057,b2349,,b2962,b2685,b2760
b2629,b2575,b4394,b3973,b1059,b2350,,b2963,b3834,b2765
b2630,b2577,b4430,b3977,b1062,b2351,,b2964,b1335,b2797
b2631,b2581,b4469,b3983,b1069,b2352,,b2965,b0195,b2813
b2636,b2600,b4537,b3985,b1072,b2367,,b2972,b1789,b2817
b2637,b2601,b4642,b4006,b1079,b2372,,b2980,b2093,b2832
b2641,b2611,b0991,b4023,b1080,b2373,,b2992,b3037,b2835
b2646,b2617,b0990,b4044,b1081,b2375,,b2995,b0637,b2841
b2647,b2625,b2402,b4058,b1082,b2393,,b3002,b1777,b2842
b2674,b2626,b1551,b4064,b1086,b2395,,b3009,b0208,b2843
b2675,b2647,b2667,b4079,b1095,b2396,,b3018,b0653,b2845
b2676,b2648,b2379,b4108,b1096,b2419,,b3041,b3492,b2858
b2678,b2650,b0528,b4145,b1097,b2420,,b3055,b4077,b2863
b2679,b2686,b1905,b4146,b1098,b2432,,b3057,b0809,b2868
b2691,b2691,b3704,b4150,b1099,b2462,,b3064,b1078,b2881
b2695,b2698,b2668,b4155,b1112,b2497,,b3072,b1174,b2887
b2698,b2699,b0721,b4158,b1115,b2498,,b3077,b1427,b2890
b2699,b2701,b1557,b4162,b1121,b2499,,b3078,b1281,b2891
b2702,b2713,b0844,b4207,b1129,b2505,,b3082,b2583,b2892
b2703,b2753,b3707,b4226,b1140,b2517,,b3085,b3309,b2921
b2711,b2757,b0722,b4232,b1152,b2519,,b3090,b1778,b2923
b2713,b2758,b2693,b4233,b1153,b2534,,b3095,b0142,b2933
b2739,b2760,b2669,b4311,b1154,b2537,,b3099,b4213,b2938
b2745,b2765,b4306,b4347,b1155,b2543,,b3107,b1655,b2939
b2746,b2775,b2734,b4360,b1156,b2555,,b3110,b0030,b2940
b2747,b2778,b3051,b4364,b1157,b2558,,b3146,b2504,b2945
b2748,b2791,b0845,b4368,b1158,b2559,,b3155,b4498,b2951
b2753,b2816,b3636,b4372,b1159,b2561,,b3162,b2279,b2952
b2754,b2827,b1558,b4375,b1160,b2565,,b3164,b1035,b2955
b2755,b2828,b0843,b4403,b1161,b2567,,b3166,b0196,b2956
b2756,b2829,b1857,b4417,b1164,b2569,,b3169,b0122,b2960
b2757,b2832,b3050,b4437,b1171,b2574,,b3170,b2869,b2961
b2758,b2843,b3710,b4469,b1172,b2575,,b3177,b0190,b2962
b2760,b2845,b1915,b4499,b1180,b2581,,b3182,b1089,b2963
b2765,b2846,b2997,b4536,b1183,b2594,,b3189,b4256,b2965
b2797,b2847,b1552,b4537,b1185,b2600,,b3190,b2935,b2967
b2813,b2849,b4502,b4598,b1193,b2601,,b3191,b3020,b2972
b2817,b2851,b2605,b4613,b1194,b2617,,b3193,b3186,b2984
b2832,b2854,b0946,b4618,b1196,b2629,,b3194,b2844,b2985
b2835,b2858,b2996,b4638,b1201,b2647,,b3197,b2369,b2986
b2841,b2863,b1233,b4642,b1202,b2648,,b3198,b2796,b2987
b2842,b2873,b4542,b4645,b1206,b2650,,b3199,b1636,b2998
b2843,b2882,b3175,b4668,b1213,b2686,,b3200,b1677,b3002
b2845,b2887,b3775,b4670,b1218,b2689,,b3201,b1632,b3021
b2853,b2891,b2518,b4680,b1220,b2690,,b3202,b0308,b3022
b2858,b2921,b4483,b0991,b1238,b2691,,b3205,b1859,b3030
b2863,b2933,b1163,b0990,b1242,b2695,,b3212,b2949,b3041
b2868,b2939,b3263,b1674,b1249,b2698,,b3213,b2576,b3043
b2881,b2940,b1339,b2402,b1268,b2699,,b3223,b3573,b3046
b2887,b2951,b0636,b1551,b1282,b2701,,b3235,b0766,b3047
b2890,b2955,b2435,b2878,b1296,b2702,,b3250,b3219,b3048
b2891,b2965,b2175,b2667,b1297,b2703,,b3256,b4216,b3057
b2892,b2969,b3075,b2871,b1298,b2705,,b3257,b4163,b3058
b2921,b2970,b0685,b2870,b1299,b2709,,b3260,b1932,b3072
b2923,b2972,b3709,b2379,b1300,b2711,,b3261,b0529,b3082
b2933,b2984,b0416,b0929,b1303,b2713,,b3282,b3752,b3089
b2938,b2985,b1816,b1905,b1304,b2714,,b3288,b4001,b3090
b2939,b2986,b4340,b3704,b1306,b2747,,b3289,b1911,b3093
b2940,b2987,b2603,b2668,b1307,b2753,,b3295,b4687,b3101
b2945,b2992,b3185,b2879,b1308,b2754,,b3296,b1840,b3104
b2951,b2993,b4573,b0721,b1309,b2755,,b3302,b4123,b3105
b2952,b2994,b1530,b4566,b1310,b2758,,b3304,b3649,b3107
b2955,b2998,b0781,b1557,b1311,b2760,,b3306,b1134,b3130
b2956,b3002,b0432,b0280,b1312,b2765,,b3313,b0258,b3139
b2959,b3043,b0763,b0844,b1313,b2775,,b3316,b0281,b3141
b2960,b3046,b0023,b4307,b1314,b2787,,b3317,b0963,b3142
b2961,b3047,b3308,b3707,b1315,b2791,,b3318,b1540,b3144
b2962,b3048,b3344,b0722,b1316,b2792,,b3319,b3742,b3146
b2963,b3055,b1685,b2888,b1317,b2797,,b3320,b3962,b3162
b2965,b3061,b2684,b2693,b1319,b2803,,b3343,b0460,b3163
b2967,b3090,b2436,b4306,b1320,b2806,,b3346,b4624,b3166
b2972,b3095,b1858,b3051,b1330,b2813,,b3347,b0686,b3168
b2984,b3104,b3065,b0845,b1331,b2816,,b3350,b0415,b3169
b2985,b3110,b0945,b1558,b1337,b2817,,b3352,b2286,b3170
b2986,b3141,b3084,b0843,b1338,b2832,,b3353,b0431,b3176
b2987,b3142,b1959,b1857,b1340,b2841,,b3355,b3731,b3182
b2998,b3143,b0459,b3050,b1342,b2842,,b3363,b3750,b3189
b3002,b3144,b2944,b3710,b1349,b2843,,b3385,b3410,b3190
b3021,b3146,b0434,b1915,b1351,b2847,,b3386,b1356,b3193
b3022,b3162,b2102,b1552,b1352,b2858,,b3387,b2902,b3194
b3030,b3190,b2172,b0372,b1353,b2863,,b3405,b1186,b3212
b3041,b3216,b2681,b4523,b1355,b2864,,b3412,b4089,b3213
b3042,b3251,b1643,b4502,b1365,b2867,,b3413,b3974,b3214
b3043,b3252,b2101,b2605,b1366,b2873,,b3414,b1706,b3215
b3046,b3260,b0238,b2876,b1368,b2874,,b3424,b1763,b3216
b3047,b3261,b0748,b0946,b1372,b2881,,b3425,b0675,b3223
b3048,b3262,b1794,b1233,b1377,b2882,,b3434,b1269,b3230
b3057,b3264,b1216,b3175,b1385,b2887,,b3440,b3150,b3232
b3058,b3265,b1762,b1531,b1386,b2889,,b3461,b1582,b3240
b3072,b3319,b3646,b3775,b1387,b2921,,b3470,b3783,b3250
b3082,b3320,b3893,b2518,b1397,b2923,,b3475,b4551,b3251
b3089,b3323,b3891,b4483,b1402,b2933,,b3485,b0061,b3252
b3090,b3324,b0225,b1163,b1408,b2938,,b3493,b1212,b3260
b3093,b3325,b2562,b3263,b1409,b2939,,b3526,b3966,b3261
b3101,b3326,b4049,b1061,b1410,b2945,,b3528,b0654,b3295
b3104,b3347,b4484,b1339,b1411,b2946,,b3539,b2623,b3296
b3105,b3363,b3305,b2872,b1419,b2955,,b3540,b0598,b3297
b3107,b3364,b2685,b0636,b1421,b2956,,b3541,b3643,b3298
b3129,b3371,b3834,b2435,b1429,b2957,,b3542,b1117,b3304
b3130,b3396,b1335,b2175,b1433,b2960,,b3543,b3892,b3306
b3139,b3434,b0195,b3075,b1435,b2961,,b3544,b2202,b3313
b3141,b3442,b1789,b0685,b1439,b2963,,b3600,b0262,b3314
b3142,b3470,b0637,b3709,b1445,b2964,,b3601,b2065,b3316
b3144,b3471,b1281,b1232,b1450,b2967,,b3603,b2783,b3317
b3146,b3493,b2583,b0416,b1451,b2969,,b3610,b2905,b3318
b3162,b3504,b4498,b4340,b1453,b2970,,b3611,b3411,b3319
b3163,b3518,b0196,b2603,b1456,b2972,,b3616,b1618,b3320
b3166,b3527,b0190,b3185,b1459,b2976,,b3617,b2975,b3323
b3167,b3534,b3186,b4573,b1473,b2979,,b3619,b3711,b3324
b3168,b3539,b2369,b1530,b1477,b2980,,b3644,b1295,b3325
b3169,b3552,b1636,b4088,b1494,b2985,,b3663,b0761,b3326
b3170,b3585,b1859,b0781,b1495,b2986,,b3668,b1422,b3335
b3176,b3589,b2949,b0432,b1496,b2987,,b3669,b3779,b3341
b3182,b3595,b2576,b2880,b1497,b2992,,b3685,b2457,b3342
b3189,b3613,b0766,b1532,b1499,b2993,,b3686,b1234,b3343
b3190,b3615,b0529,b0763,b1502,b2994,,b3688,b2604,b3348
b3193,b3618,b3649,b0023,b1503,b2995,,b3697,b1757,b3350
b3194,b3621,b1134,b4342,b1504,b2998,,b3700,b2171,b3364
b3212,b3639,b1540,b1584,b1505,b3002,,b3701,b0134,b3369
b3213,b3642,b3742,b4595,b1506,b3021,,b3702,b0651,b3377
b3214,b3644,b3962,b4440,b1507,b3022,,b3715,b1175,b3386
b3215,b3654,b0460,b1583,b1508,b3027,,b3730,b3894,b3387
b3216,b3659,b0415,b2684,b1520,b3030,,b3736,b2331,b3396
b3221,b3673,b0431,b2151,b1521,b3033,,b3738,b1434,b3405
b3222,b3683,b3974,b3065,b1523,b3035,,b3739,b0799,b3415
b3223,b3690,b1763,b0945,b1525,b3043,,b3740,b2532,b3423
b3224,b3696,b1269,b2399,b1526,b3046,,b3744,b0420,b3424
b3230,b3702,b3783,b3084,b1527,b3048,,b3764,b1015,b3425
b3232,b3715,b2623,b1230,b1535,b3055,,b3769,b1741,b3434
b3240,b3716,b3643,b1959,b1542,b3057,,b3774,b4303,b3442
b3250,b3718,b1117,b0459,b1547,b3064,,b3780,b3397,b3470
b3251,b3720,b3892,b2944,b1554,b3072,,b3784,b2398,b3473
b3252,b3721,b3711,b0434,b1555,b3080,,b3785,b2503,b3475
b3260,b3722,b1295,b2102,b1556,b3086,,b3787,b1467,b3481
b3261,b3723,b1422,b1839,b1560,b3088,,b3788,b1765,b3518
b3280,b3738,b3779,b2172,b1561,b3089,,b3805,b1799,b3526
b3281,b3739,b2171,b1243,b1562,b3101,,b3809,b2593,b3528
b3295,b3740,b3894,b2681,b1563,b3104,,b3812,b4298,b3531
b3296,b3778,b0799,b1643,b1564,b3110,,b3813,b1976,b3532
b3297,b3784,b1741,b2101,b1566,b3113,,b3819,b0430,b3533
b3298,b3812,b3397,b0238,b1567,b3124,,b3820,b2125,b3534
b3300,b3813,b0464,b0748,b1568,b3139,,b3822,b1105,b3539
b3304,b3817,b3307,b1216,b1571,b3142,,b3823,b0479,b3540
b3306,b3822,b1191,b1762,b1575,b3144,,b3826,b0464,b3541
b3313,b3825,b3606,b3646,b1576,b3145,,b3832,b3737,b3542
b3314,b3826,b3735,b3645,b1579,b3151,,b3833,b3307,b3543
b3316,b3832,b2181,b3893,b1590,b3155,,b3836,b1468,b3557
b3317,b3833,b1133,b3891,b1592,b3159,,b3838,b1191,b3558
b3318,b3835,b1960,b1498,b1594,b3162,,b3842,b3606,b3562
b3319,b3859,b0387,b2562,b1595,b3168,,b3846,b4053,b3563
b3320,b3861,b3839,b4049,b1599,b3169,,b3857,b3735,b3601
b3323,b3862,b0474,b4484,b1600,b3170,,b3859,b2426,b3609
b3324,b3865,b0503,b2685,b1601,b3176,,b3860,b3017,b3610
b3325,b3875,b1731,b3834,b1605,b3182,,b3862,b2181,b3611
b3326,b3876,b3459,b1335,b1615,b3189,,b3865,b2200,b3613
b3335,b3878,b2533,b0195,b1616,b3190,,b3918,b1133,b3614
b3340,b3897,b1786,b1789,b1627,b3194,,b3920,b4373,b3615
b3341,b3909,b1135,b0637,b1629,b3195,,b3925,b1630,b3634
b3342,b3944,b3935,b1281,b1634,b3214,,b3960,b1418,b3644
b3343,b3972,b2570,b2583,b1644,b3216,,b3972,b4124,b3654
b3348,b3973,b3743,b0142,b1645,b3227,,b3977,b1960,b3659
b3350,b3977,b3546,b1655,b1649,b3230,,b3980,b0387,b3668
b3364,b3985,b1332,b0196,b1651,b3238,,b3982,b0728,b3669
b3369,b4023,b1807,b3186,b1652,b3248,,b3983,b0466,b3673
b3377,b4028,b2496,b2949,b1658,b3250,,b3984,b1621,b3686
b3386,b4038,b1522,b2576,b1659,b3251,,b3985,b3839,b3696
b3387,b4044,b1628,b0766,b1660,b3252,,b3999,b4512,b3700
b3396,b4048,b4371,b0529,b1663,b3260,,b4033,b3418,b3701
b3405,b4058,b4331,b4687,b1669,b3261,,b4039,b2442,b3702
b3415,b4064,b1231,b1540,b1670,b3262,,b4040,b0474,b3715
b3423,b4073,b3651,b3742,b1671,b3264,,b4042,b2092,b3716
b3424,b4074,b2268,b3962,b1672,b3265,,b4044,b3499,b3719
b3425,b4076,b3165,b0460,b1689,b3269,,b4080,b3749,b3720
b3434,b4083,b1969,b0415,b1690,b3295,,b4084,b0503,b3721
b3442,b4086,b3154,b0431,b1691,b3297,,b4086,b2525,b3736
b3470,b4087,b2954,b3974,b1692,b3314,,b4087,b3180,b3738
b3473,b4095,b3345,b1763,b1694,b3316,,b4127,b1329,b3739
b3475,b4101,b0884,b1269,b1695,b3317,,b4146,b2154,b3740
b3481,b4102,b3096,b1582,b1696,b3318,,b4150,b1731,b3764
b3518,b4105,b0423,b3783,b1697,b3319,,b4175,b1328,b3769
b3526,b4106,b1053,b3966,b1698,b3320,,b4180,b1727,b3778
b3528,b4108,b4166,b2623,b1699,b3323,,b4200,b1222,b3780
b3531,b4132,b1055,b3643,b1701,b3324,,b4201,b3459,b3784
b3532,b4133,b3703,b3892,b1704,b3325,,b4207,b2533,b3785
b3533,b4145,b4147,b3711,b1705,b3326,,b4208,b0422,b3786
b3534,b4150,b0158,b1295,b1711,b3331,,b4210,b4558,b3787
b3539,b4155,b1126,b1422,b1714,b3332,,b4218,b1737,b3788
b3540,b4156,b3662,b2604,b1716,b3335,,b4226,b2429,b3789
b3541,b4182,b1856,b2171,b1718,b3341,,b4233,b3349,b3790
b3542,b4183,b1162,b3894,b1722,b3342,,b4240,b0850,b3795
b3543,b4204,b2536,b0799,b1728,b3343,,b4259,b4046,b3812
b3554,b4209,b3633,b1741,b1730,b3348,,b4279,b1786,b3813
b3557,b4215,b3963,b3397,b1733,b3352,,b4313,b3672,b3817
b3558,b4226,b1914,b2503,b1734,b3359,,b4315,b2744,b3819
b3562,b4232,b3038,b3737,b1736,b3363,,b4317,b0754,b3826
b3563,b4233,b0143,b1191,b1742,b3369,,b4318,b1135,b3842
b3572,b4242,b2928,b3606,b1749,b3387,,b4319,b3935,b3859
b3601,b4245,b3640,b3735,b1753,b3396,,b4320,b2570,b3860
b3602,b4257,b0859,b2181,b1756,b3407,,b4323,b3743,b3861
b3609,b4268,b0405,b1133,b1759,b3415,,b4352,b1245,b3862
b3610,b4270,b3303,b1418,b1760,b3416,,b4361,b4138,b3871
b3611,b4277,b1767,b1960,b1761,b3417,,b4372,b4575,b3875
b3613,b4278,b2066,b3839,b1769,b3423,,b4374,b3546,b3876
b3614,b4279,b3188,b0474,b1771,b3424,,b4375,b1033,b3889
b3615,b4280,b1132,b0503,b1772,b3425,,b4394,b1332,b3896
b3634,b4296,b1210,b3180,b1773,b3434,,b4461,b1807,b3918
b3644,b4308,b1707,b1329,b1774,b3437,,b4468,b2496,b3930
b3654,b4309,b3637,b2154,b1775,b3442,,b4469,b1522,b3933
b3659,b4310,b2370,b1731,b1776,b3454,,b4470,b1628,b3955
b3661,b4311,b2700,b1727,b1782,b3455,,b4476,b3158,b3972
b3668,b4313,b0961,b3459,b1788,b3456,,b4480,b2284,b3973
b3669,b4347,b0477,b2533,b1790,b3457,,b4488,b0947,b3981
b3673,b4358,b1607,b3349,b1791,b3458,,b4493,b3905,b3982
b3686,b4360,b2321,b1786,b1801,b3470,,b4536,b2095,b3983
b3696,b4365,b2114,b1135,b1812,b3471,,b4537,b4690,b3984
b3700,b4366,b0931,b3935,b1822,b3473,,b4581,b2468,b3985
b3701,b4368,b0526,b3743,b1825,b3475,,b4637,b3081,b3989
b3702,b4379,b1524,b1245,b1826,b3481,,b4638,b0919,b3999
b3715,b4462,b3986,b3546,b1828,b3493,,b4645,b0304,b4000
b3716,b4465,b3310,b1332,b1829,b3518,,b4659,b0729,b4006
b3719,b4469,b3741,b1807,b1831,b3525,,b4680,b4371,b4040
b3720,b4470,b3648,b2496,b1843,b3526,,b4702,b2133,b4044
b3721,b4482,b3315,b1628,b1846,b3527,,b0991,b3734,b4052
b3736,b4486,b3821,b4371,b1847,b3528,,b1797,b4331,b4063
b3738,b4491,b1804,b4331,b1851,b3531,,b1946,b3220,b4064
b3739,b4494,b3705,b3220,b1855,b3532,,b2207,b1177,b4080
b3740,b4495,b2948,b0743,b1860,b3533,,b1223,b0743,b4081
b3764,b4497,b0383,b1231,b1861,b3534,,b0990,b1231,b4090
b3769,b4499,b2231,b2268,b1862,b3536,,b1224,b3651,b4108
b3772,b4500,b1863,b0345,b1872,b3539,,b1474,b2268,b4127
b3778,b4536,b3811,b3165,b1877,b3552,,b2402,b2256,b4130
b3780,b4537,b2821,b1969,b1878,b3557,,b1551,b2264,b4141
b3784,b4550,b0114,b2954,b1879,b3558,,b3365,b1084,b4145
b3785,b4556,b2234,b0884,b1880,b3561,,b3366,b0268,b4146
b3786,b4578,b0240,b3096,b1881,b3569,,b2206,b1176,b4158
b3787,b4598,b3231,b4166,b1883,b3571,,b0339,b0345,b4178
b3788,b4600,b3258,b1055,b1884,b3586,,b4071,b2124,b4180
b3789,b4613,b3464,b3703,b1885,b3589,,b1796,b3165,b4181
b3790,b4618,b0898,b4147,b1886,b3596,,b1225,b0894,b4182
b3795,b4629,b0819,b1126,b1887,b3601,,b2667,b1969,b4200
b3812,b4630,b1608,b3662,b1888,b3603,,b0137,b3154,b4201
b3813,b4631,b1090,b4043,b1889,b3609,,b3556,b2954,b4204
b3817,b4632,b4137,b1856,b1890,b3611,,b2379,b3031,b4207
b3819,b4637,b3321,b1162,b1904,b3613,,b1226,b1432,b4208
b3826,b4638,b1657,b3633,b1923,b3614,,b0528,b3345,b4210
b3842,b4642,b0877,b1914,b1924,b3615,,b0929,b2619,b4215
b3859,b4646,b2211,b0143,b1925,b3634,,b2203,b0884,b4226
b3860,b4668,b0088,b1719,b1936,b3642,,b1905,b3096,b4237
b3861,b4670,b0461,b3640,b1937,b3644,,b2208,b0050,b4238
b3862,b4671,b4030,b1848,b1939,b3650,,b4036,b4429,b4242
b3871,b4680,b3399,b0859,b1940,b3652,,b2205,b3751,b4246
b3875,b4693,b3714,b1247,b1941,b3654,,b3704,b1650,b4248
b3876,b4714,b3203,b0405,b1947,b3658,,b2668,b2729,b4249
b3889,b0991,b4292,b1244,b1948,b3659,,b4072,b1620,b4257
b3896,b3121,b2313,b1767,b1949,b3664,,b0721,b0423,b4264
b3918,b0990,b3827,b2066,b1950,b3665,,b4062,b1053,b4265
b3930,b4517,b3816,b3188,b1962,b3668,,b1475,b0101,b4270
b3933,b1674,b1436,b0815,b1963,b3669,,b4566,b4166,b4271
b3955,b0301,b0081,b1132,b1968,b3673,,b0846,b1003,b4273
b3972,b2402,b2317,b1707,b1972,b3677,,b1557,b1055,b4279
b3973,b1551,b2671,b3637,b1978,b3679,,b0844,b3703,b4280
b3981,b2667,b4205,b2370,b1981,b3684,,b4032,b2795,b4281
b3982,b1905,b4142,b0537,b1986,b3686,,b4307,b4147,b4282
b3983,b3704,b1165,b2700,b1987,b3690,,b4037,b0158,b4296
b3984,b2668,b0593,b0428,b1989,b3691,,b1977,b0758,b4297
b3985,b0721,b0776,b1246,b1991,b3696,,b0574,b4505,b4299
b3989,b4566,b1951,b3229,b1993,b3700,,b3707,b3294,b4305
b3999,b1557,b0775,b0961,b1999,b3701,,b0722,b0679,b4308
b4000,b0844,b4487,b0477,b2001,b3702,,b2289,b4357,b4309
b4006,b4307,b1743,b1607,b2002,b3706,,b2693,b1126,b4310
b4040,b0574,,b0433,b2004,b3712,,b2789,b3662,b4311
b4044,b2888,,b2321,b2005,b3715,,b2669,b4043,b4313
b4052,b2693,,b2114,b2010,b3716,,b4306,b3638,b4315
b4063,b2789,,b0931,b2014,b3720,,b4070,b1289,b4317
b4064,b2669,,b0526,b2016,b3721,,b0306,b1856,b4318
b4080,b4306,,b1524,b2017,b3722,,b4035,b0655,b4319
b4081,b2734,,b2176,b2027,b3723,,b1821,b1162,b4320
b4090,b3051,,b2566,b2043,b3730,,b0784,b3732,b4327
b4108,b0233,,b3310,b2044,b3736,,b1715,b2536,b4328
b4127,b4345,,b3741,b2045,b3738,,b4557,b3633,b4333
b4130,b1558,,b1187,b2046,b3739,,b0845,b3843,b4339
b4141,b0843,,b3648,b2047,b3740,,b3636,b3963,b4341
b4145,b1857,,b3821,b2048,b3744,,b2659,b1914,b4347
b4146,b3050,,b3228,b2049,b3747,,b1558,b3038,b4348
b4158,b0305,,b1804,b2050,b3764,,b3126,b1709,b4349
b4172,b1580,,b2948,b2051,b3778,,b0843,b3098,b4356
b4178,b3710,,b0383,b2052,b3784,,b1857,b0213,b4360
b4180,b1915,,b4021,b2053,b3785,,b3710,b3844,b4366
b4181,b1552,,b3641,b2054,b3786,,b1227,b2463,b4370
b4182,b0372,,b2231,b2055,b3787,,b1915,b2276,b4372
b4200,b4502,,b0114,b2056,b3788,,b3354,b2899,b4375
b4201,b2605,,b0875,b2057,b3789,,b2997,b3225,b4394
b4203,b0946,,b2234,b2059,b3790,,b3708,b1215,b4397
b4204,b1233,,b0838,b2061,b3791,,b1552,b1811,b4403
b4207,b4542,,b3066,b2062,b3795,,b4502,b0143,b4447
b4208,b3175,,b0240,b2064,b3801,,b2605,b1719,b4462
b4210,b1531,,b3231,b2069,b3813,,b0987,b0440,b4465
b4215,b3775,,b0898,b2070,b3817,,b1014,b0811,b4469
b4226,b2518,,b0891,b2071,b3819,,b1623,b3800,b4476
b4236,b4483,,b1090,b2072,b3820,,b2996,b4386,b4486
b4237,b4109,,b3321,b2074,b3822,,b1233,b2928,b4488
b4238,b1163,,b3502,b2081,b3832,,b3873,b0764,b4491
b4242,b3263,,b3034,b2083,b3833,,b4542,b3640,b4492
b4246,b1061,,b1376,b2085,b3835,,b3175,b2837,b4497
b4248,b1339,,b1501,b2089,b3842,,b4640,b3765,b4499
b4249,b2801,,b2211,b2105,b3846,,b1531,b1848,b4501
b4251,b4110,,b0958,b2106,b3859,,b0557,b0859,b4519
b4257,b1581,,b2616,b2107,b3860,,b3775,b1787,b4527
b4264,b0636,,b0610,b2108,b3861,,b2518,b3032,b4536
b4265,b2435,,b0461,b2109,b3862,,b4483,b1247,b4537
b4270,b2175,,b1550,b2118,b3871,,b4109,b2471,b4555
b4271,b0685,,b3714,b2119,b3875,,b1163,b2343,b4556
b4273,b0873,,b3203,b2120,b3876,,b3076,b0405,b4576
b4279,b0416,,b4050,b2122,b3877,,b2524,b1244,b4578
b4280,b4340,,b2313,b2132,b3884,,b1061,b2903,b4580
b4281,b2603,,b3501,b2139,b3896,,b1339,b3303,b4600
b4282,b1407,,b1253,b2140,b3897,,b2801,b1767,b4611
b4296,b0689,,b3816,b2144,b3909,,b3367,b2066,b4613
b4297,b3185,,b1184,b2148,b3918,,b1892,b3188,b4623
b4299,b4573,,b4131,b2149,b3920,,b4034,b0815,b4625
b4305,b1137,,b1063,b2152,b3925,,b4596,b1211,b4629
b4308,b1530,,b1305,b2155,b3930,,b1581,b1104,b4631
b4309,b0781,,b1902,b2158,b3933,,b0636,b2219,b4632
b4310,b0432,,b1102,b2161,b3944,,b1221,b1132,b4638
b4311,b0763,,b1060,b2162,b3955,,b1284,b3091,b4641
b4313,b1673,,b2671,b2163,b3972,,b2435,b0391,b4645
b4315,b0023,,b0584,b2164,b3973,,b0340,b3566,b4646
b4317,b4017,,b0593,b2165,b3977,,b2175,b1850,b4655
b4318,b4342,,b0821,b2166,b3979,,b3075,b1210,b4657
b4319,b1584,,b4606,b2173,b3980,,b2798,b0130,b4659
b4320,b4595,,b1951,b2174,b3981,,b1841,b0269,b4694
b4327,b4440,,b0775,b2182,b3982,,b2788,b3733,b4702
b4328,b2684,,b1379,b2185,b3983,,b0429,b1707,b0991
b4333,b1023,,b1283,b2186,b3984,,b0685,b0443,b3121
b4339,b2436,,b1481,b2190,b3985,,b3709,b3637,b0990
b4341,b3171,,,b2193,b3989,,b3964,b1534,b4517
b4347,b2151,,,b2210,b4000,,b1232,b2370,b0301
b4348,b3065,,,b2214,b4027,,b4085,b1900,b2402
b4349,b0945,,,b2221,b4028,,b0416,b0537,b1551
b4356,b2399,,,b2222,b4033,,b2428,b2700,b2667
b4360,b3084,,,b2223,b4038,,b4340,b1323,b0137
b4366,b1230,,,b2224,b4044,,b1407,b1864,b3556
b4370,b1959,,,b2225,b4048,,b1071,b0428,b2379
b4372,b0459,,,b2226,b4058,,b0689,b4117,b0929
b4375,b2944,,,b2229,b4063,,b0164,b1246,b3704
b4394,b0434,,,b2230,b4064,,b4055,b2000,b2668
b4397,b2102,,,b2233,b4066,,b3185,b0757,b0721
b4403,b1243,,,b2238,b4080,,b4573,b3810,b4566
b4447,b2681,,,b2252,b4081,,b1137,b1334,b1557
b4462,b1643,,,b2253,b4083,,b1530,b3229,b4307
b4465,b2101,,,b2255,b4087,,b4088,b4119,b3707
b4469,b0238,,,b2257,b4111,,b0781,b2584,b0722
b4476,b0748,,,b2270,b4130,,b2953,b0961,b2289
b4486,b1216,,,b2271,b4132,,b0432,b4148,b4306
b4488,b0512,,,b2273,b4133,,b1532,b0477,b0233
b4491,b3717,,,b2274,b4145,,b2509,b1607,b3636
b4492,b1762,,,b2275,b4146,,b0763,b1823,b1558
b4497,b3646,,,b2298,b4150,,b0724,b0433,b3126
b4499,b3645,,,b2299,b4155,,b3301,b2321,b0305
b4501,b1498,,,b2305,b4156,,b3308,b4024,b3710
b4519,b2562,,,b2306,b4158,,b3753,b2114,b1915
b4524,b4049,,,b2310,b4178,,b0723,b1982,b3708
b4527,b4484,,,b2311,b4180,,b2683,b2914,b1552
b4536,b2685,,,b2315,b4181,,b4595,b0168,b0372
b4537,b3834,,,b2316,b4182,,b3344,b0931,b4502
b4538,b1335,,,b2319,b4183,,b2684,b0526,b2605
b4555,b0195,,,b2322,b4185,,b0782,b1524,b0987
b4556,b1789,,,b2324,b4186,,b1023,b3986,b1014
b4576,b0637,,,b2332,b4198,,b2896,b0785,b0553
b4578,b1281,,,b2333,b4200,,b2436,b4479,b0946
b4580,b2583,,,b2334,b4204,,b0826,b2176,b1233
b4600,b0142,,,b2335,b4207,,b3171,b1324,b4542
b4611,b1655,,,b2336,b4208,,b1631,b0810,b3175
b4613,b3186,,,b2339,b4210,,b2287,b2472,b4640
b4623,b1859,,,b2342,b4215,,b1858,b2566,b3083
b4625,b2949,,,b2348,b4226,,b1891,b0009,b0557
b4629,b2576,,,b2349,b4232,,b4337,b0493,b3775
b4631,b0766,,,b2354,b4240,,b2823,b3310,b4109
b4632,b0529,,,b2355,b4242,,b2151,b3741,b1163
b4638,b4123,,,b2357,b4246,,b3092,b1187,b2524
b4641,b1540,,,b2358,b4248,,b3065,b3128,b1061
b4645,b3742,,,b2360,b4257,,b2802,b1626,b1339
b4646,b0460,,,b2367,b4265,,b3084,b3648,b1892
b4655,b0415,,,b2368,b4266,,b1230,b2378,b4110
b4656,b0431,,,b2371,b4267,,b1959,b3315,b1284
b4657,b3974,,,b2372,b4268,,b3403,b2184,b2175
b4659,b1269,,,b2373,b4270,,b0307,b3770,b1841
b4685,b1582,,,b2374,b4271,,b0652,b3802,b0170
b4694,b3783,,,b2375,b4277,,b3312,b3149,b0685
b4702,b1212,,,b2376,b4278,,b2618,b3821,b3127
b0991,b2623,,,b2383,b4279,,b0434,b0732,b3964
b3121,b3643,,,b2384,b4281,,b1798,b0688,b1232
b0990,b2975,,,b2385,b4282,,b1717,b3228,b4340
b4517,b3711,,,b2386,b4296,,b2288,b1120,b2603
b0301,b1295,,,b2387,b4299,,b2325,b1804,b1407
b2402,b2604,,,b2395,b4308,,b2102,b0382,b0689
b1551,b2171,,,b2396,b4310,,b1839,b3705,b0164
b2667,b0799,,,b2405,b4311,,b2461,b2784,b4055
b0137,b1741,,,b2406,b4313,,b2677,b1034,b3185
b3556,b3397,,,b2407,b4315,,b3311,b0388,b4573
b2379,b2503,,,b2409,b4317,,b2782,b2948,b1530
b0929,b3737,,,b2412,b4318,,b2285,b3608,b0432
b3704,b3606,,,b2419,b4319,,b2172,b0383,b0724
b2668,b2200,,,b2420,b4320,,b1243,b4021,b3301
b0721,b1133,,,b2427,b4321,,b2681,b3729,b0023
b4566,b3839,,,b2432,b4327,,b2904,b2415,b3308
b1557,b0474,,,b2433,b4328,,b1643,b3641,b4017
b4307,b0503,,,b2434,b4329,,b2101,b2280,b4342
b3707,b3180,,,b2447,b4330,,b0238,b3590,b0723
b0722,b1329,,,b2451,b4332,,b0748,b2805,b1584
b2289,b2533,,,b2453,b4333,,b1794,b1603,b1988
b4306,b3349,,,b2469,b4347,,b2459,b2231,b4595
b0233,b1786,,,b2470,b4348,,b2094,b1863,b4440
b3636,b1135,,,b2477,b4349,,b1762,b3811,b1583
b1558,b3935,,,b2481,b4354,,b0783,b0159,b2684
b3126,b2570,,,b2482,b4355,,b3646,,b0782
b0305,b3546,,,b2483,b4356,,b4202,,b1023
b3710,b1807,,,b2484,b4358,,b3893,,b3171
b1915,b2496,,,b2485,b4360,,b3891,,b1631
b3708,b1628,,,b2486,b4364,,b1498,,b1891
b1552,b4371,,,b2491,b4365,,b3299,,b4337
b0372,b3220,,,b2492,b4368,,b2460,,b3065
b4502,b0743,,,b2493,b4370,,b4049,,b0945
b2605,b1231,,,b2494,b4372,,b3305,,b2399
b0987,b2268,,,b2497,b4375,,b0727,,b3084
b1014,b0345,,,b2505,b4388,,b2685,,b1230
b0553,b3165,,,b2508,b4409,,b3834,,b3403
b0946,b1969,,,b2510,b4417,,b1335,,b0459
b1233,b3154,,,b2517,b4426,,b0195,,b0652
b4542,b2954,,,b2519,b4438,,b1789,,b2944
b3175,b0884,,,b2526,b4439,,b2093,,b0434
b4640,b3096,,,b2527,b4447,,b0637,,b1798
b3083,b0423,,,b2528,b4450,,b1777,,b2288
b0557,b4166,,,b2529,b4451,,b0208,,b1839
b3775,b1055,,,b2530,b4462,,b0653,,b2461
b4109,b3703,,,b2531,b4465,,b4077,,b1633
b1163,b4147,,,b2534,b4466,,b0809,,b2904
b2524,b1126,,,b2537,b4467,,b1174,,b0316
b1061,b3662,,,b2539,b4468,,b1281,,b0238
b1339,b4043,,,b2540,b4469,,b2583,,b0748
b1892,b1856,,,b2541,b4470,,b3309,,b1216
b4110,b3633,,,b2542,b4471,,b1778,,b2459
b1284,b1914,,,b2544,b4476,,b1655,,b3717
b2175,b1811,,,b2545,b4482,,b2279,,b0783
b1841,b0143,,,b2546,b4486,,b1035,,b3646
b0170,b1848,,,b2547,b4491,,b0196,,b3645
b0685,b0859,,,b2548,b4492,,b0122,,b3891
b3127,b0405,,,b2549,b4495,,b0190,,b0225
b3964,b1767,,,b2550,b4499,,b2935,,b3299
b1232,b2066,,,b2554,b4500,,b3186,,b2460
b4340,b3188,,,b2555,b4536,,b2844,,b2562
b2603,b0815,,,b2558,b4537,,b2796,,b4049
b1407,b1132,,,b2559,b4556,,b1636,,b4484
b0689,b1707,,,b2561,b4559,,b1632,,b3305
b0164,b3637,,,b2565,b4576,,b1859,,b1789
b4055,b2370,,,b2569,b4580,,b2949,,b1777
b3185,b2700,,,b2571,b4597,,b0766,,b0653
b4573,b3229,,,b2574,b4598,,b4216,,b4077
b1530,b0961,,,b2575,b4599,,b0529,,b1174
b0432,b0433,,,b2577,b4600,,b3752,,b1281
b0724,b2321,,,b2581,b4611,,b4001,,b0142
b3301,b2114,,,b2582,b4613,,b4687,,b1655
b0023,b0931,,,b2600,b4618,,b1840,,b0190
b3308,b0526,,,b2601,b4621,,b3649,,b3186
b4017,b1524,,,b2617,b4623,,b1134,,b2844
b4342,b3741,,,b2626,b4625,,b1540,,b2796
b0723,b1626,,,b2629,b4629,,b3742,,b1636
b1584,b3648,,,b2632,b4631,,b3962,,b1632
b1988,b3821,,,b2634,b4635,,b4624,,b2949
b4595,b3228,,,b2638,b4638,,b0686,,b0766
b4440,b1804,,,b2641,b4645,,b0415,,b3219
b1583,b2948,,,b2644,b4646,,b2286,,b4001
b2684,b0383,,,b2647,b4653,,b0431,,b1840
b0782,b4021,,,b2648,b4657,,b3731,,b3649
b1023,b3641,,,b2650,b4659,,b3750,,b0258
b3171,b2231,,,b2678,b4680,,b2902,,b0281
b1631,b0618,,,b2679,b4693,,b1186,,b1540
b1891,b4674,,,b2686,b4702,,b4089,,b3742
b4337,b0114,,,b2695,b0991,,b3974,,b0460
b3065,b0820,,,b2698,b1797,,b1763,,b0431
b0945,b0875,,,b2699,b2207,,b0675,,b3731
b2399,b3066,,,b2702,b3121,,b1269,,b1186
b3084,b3231,,,b2703,b0990,,b3150,,b4089
b1230,b0898,,,b2709,b4517,,b1582,,b3974
b3403,b3574,,,b2710,b1674,,b3783,,b1269
b0459,b3321,,,b2711,b1474,,b1212,,b1582
b0652,b1657,,,b2712,b0301,,b0654,,b3783
b2944,b1501,,,b2713,b2402,,b0598,,b4551
b0434,b2211,,,b2714,b1551,,b3643,,b1212
b1798,b2009,,,b2715,b2878,,b1117,,b3966
b2288,b0958,,,b2716,b2667,,b3892,,b0654
b1839,b2616,,,b2721,b3117,,b2065,,b2623
b2461,b2614,,,b2722,b2871,,b2905,,b3643
b1633,b1363,,,b2723,b2870,,b2975,,b0262
b2904,b1550,,,b2724,b0137,,b3711,,b2905
b0316,b4312,,,b2725,b0929,,b1295,,b3411
b0238,b3181,,,b2736,b1905,,b1422,,b2975
b0748,b3714,,,b2737,b2208,,b3779,,b1295
b1216,b4050,,,b2738,b4036,,b2457,,b1422
b2459,b2313,,,b2740,b3704,,b2171,,b3779
b3717,b4026,,,b2747,b2668,,b1175,,b2457
b0783,b1253,,,b2753,b2879,,b3894,,b2171
b3646,b3816,,,b2754,b0721,,b0799,,b1015
b3645,b1436,,,b2755,b1475,,b2532,,b3397
b3891,b1184,,,b2756,b0263,,b0420,,b2503
b0225,b3635,,,b2757,b4566,,b1015,,b4298
b3299,b1144,,,b2758,b3115,,b3397,,b0430
b2460,b1559,,,b2759,b1557,,b1467,,b3737
b2562,b4131,,,b2760,b4032,,b0430,,b3606
b4049,b0509,,,b2765,b4307,,b2125,,b4053
b4484,b1457,,,b2769,b4037,,b1105,,b3735
b3305,b1785,,,b2770,b0574,,b3737,,b1133
b1789,b2060,,,b2775,b3116,,b3307,,b4373
b1777,b1060,,,b2776,b3707,,b1468,,b1630
b0653,b2671,,,b2778,b0722,,b3606,,b1418
b4077,b4254,,,b2781,b2888,,b3735,,b3839
b1174,b4142,,,b2803,b2693,,b3017,,b0474
b1281,b1165,,,b2806,b2789,,b2200,,b2525
b0142,b4660,,,b2807,b2669,,b1133,,b3180
b1655,b1951,,,b2810,b4306,,b4373,,b1329
b0190,b4567,,,b2811,b2734,,b1630,,b1731
b3186,,,,b2813,b4035,,b1418,,b3459
b2844,,,,b2816,b1821,,b1960,,b2533
b2796,,,,b2817,b4557,,b3839,,b3349
b1636,,,,b2818,b4345,,b2442,,b1786
b1632,,,,b2831,b3636,,b0474,,b3672
b2949,,,,b2832,b1558,,b2092,,b3935
b0766,,,,b2835,b3126,,b3499,,b2570
b3219,,,,b2838,b0305,,b3749,,b3743
b4001,,,,b2839,b3710,,b0503,,b1628
b1840,,,,b2841,b2875,,b2525,,b4690
b3649,,,,b2842,b1915,,b3180,,b3734
b0258,,,,b2843,b0063,,b1329,,b3220
b0281,,,,b2856,b3708,,b1727,,b1177
b1540,,,,b2858,b3476,,b1222,,b1231
b3742,,,,b2863,b0372,,b3459,,b2256
b0460,,,,b2864,b4523,,b2533,,b0345
b0431,,,,b2865,b4502,,b0422,,b3165
b3731,,,,b2873,b0987,,b4558,,b2954
b1186,,,,b2874,b1014,,b3349,,b1432
b4089,,,,b2881,b2876,,b1786,,b0884
b3974,,,,b2882,b0946,,b3672,,b3096
b1269,,,,b2883,b2996,,b2744,,b0423
b1582,,,,b2886,b3175,,b2570,,b0101
b3783,,,,b2887,b4640,,b3743,,b1055
b4551,,,,b2892,b3083,,b1245,,b3703
b1212,,,,b2894,b1531,,b3546,,b3294
b3966,,,,b2911,b0557,,b1807,,b1126
b0654,,,,b2912,b3775,,b1628,,b3662
b2623,,,,b2915,b2518,,b2284,,b4043
b3643,,,,b2917,b4483,,b3081,,b3638
b0262,,,,b2918,b2766,,b4371,,b1162
b2905,,,,b2919,b4109,,b3734,,b3732
b3411,,,,b2920,b3263,,b0743,,b2536
b2975,,,,b2921,b1061,,b2268,,b3633
b1295,,,,b2923,b2801,,b2264,,b3963
b1422,,,,b2930,b1892,,b1084,,b3225
b3779,,,,b2933,b4034,,b2124,,b0143
b2457,,,,b2939,b1922,,b2954,,b0440
b2171,,,,b2940,b2872,,b3031,,b2928
b1015,,,,b2945,b4110,,b3345,,b3640
b3397,,,,b2950,b1581,,b2619,,b0859
b2503,,,,b2956,b0636,,b0884,,b1787
b4298,,,,b2957,b2175,,b3096,,b0405
b0430,,,,b2960,b2798,,b0050,,b3303
b3737,,,,b2963,b2788,,b3751,,b1767
b3606,,,,b2965,b0685,,b1650,,b2066
b4053,,,,b2969,b3709,,b0423,,b3188
b3735,,,,b2970,b3127,,b0101,,b0815
b1133,,,,b2971,b3964,,b1055,,b1104
b4373,,,,b2972,b2768,,b3703,,b1132
b1630,,,,b2980,b4340,,b4147,,b0391
b1418,,,,b2981,b2603,,b0158,,b0130
b3839,,,,b2982,b1407,,b3294,,b3733
b0474,,,,b2983,b0689,,b0679,,b1707
b2525,,,,b2984,b0164,,b1126,,b0443
b3180,,,,b2985,b3185,,b3638,,b3637
b1329,,,,b2986,b1137,,b1856,,b1534
b1731,,,,b2987,b1530,,b0655,,b0537
b3459,,,,b2990,b0781,,b1162,,b2700
b2533,,,,b2991,b0432,,b3732,,b4148
b3349,,,,b2992,b2880,,b2536,,b2321
b1786,,,,b2993,b3114,,b3633,,b4024
b3672,,,,b2994,b0062,,b3843,,b0931
b3935,,,,b3002,b1532,,b1709,,b0526
b2570,,,,b3010,b0763,,b3098,,b1524
b3743,,,,b3014,b1673,,b2276,,b3986
b1628,,,,b3018,b0023,,b3225,,b0785
b4690,,,,b3019,b4017,,b1215,,b2472
b3734,,,,b3021,b4342,,b1811,,b2566
b3220,,,,b3022,b4440,,b0143,,b0493
b1177,,,,b3025,b4346,,b1719,,b3310
b1231,,,,b3026,b2684,,b0811,,b3741
b2256,,,,b3027,b1023,,b0764,,b1626
b0345,,,,b3030,b2977,,b3640,,b3648
b3165,,,,b3043,b4122,,b1848,,b3315
b2954,,,,b3046,b3171,,b1787,,b3770
b1432,,,,b3047,b1631,,b1247,,b3821
b0884,,,,b3048,b1891,,b0405,,b1804
b3096,,,,b3055,b2151,,b1244,,b3705
b0423,,,,b3057,b3065,,b3303,,b2948
b0101,,,,b3058,b0945,,b1767,,b0383
b1055,,,,b3060,b2802,,b2066,,b4021
b3703,,,,b3061,b2399,,b3188,,b3641
b3294,,,,b3062,b3084,,b0815,,b1863
b1126,,,,b3063,b1230,,b1211,,b3811
b3662,,,,b3064,b3480,,b1104,,b0875
b4043,,,,b3069,b0459,,b1132,,b2234
b3638,,,,b3072,b2944,,b3091,,b3066
b1162,,,,b3078,b0434,,b0391,,b3178
b3732,,,,b3079,b1798,,b1210,,b0240
b2536,,,,b3080,b2102,,b0269,,b3231
b3633,,,,b3082,b1633,,b3733,,b4222
b3963,,,,b3086,b2681,,b3637,,b2556
b3225,,,,b3088,b0316,,b1534,,b3792
b0143,,,,b3090,b1643,,b2700,,b0184
b0440,,,,b3093,b2101,,b0428,,b0131
b2928,,,,b3104,b0238,,b1246,,b3321
b3640,,,,b3105,b0748,,b3810,,b3067
b0859,,,,b3110,b1216,,b3229,,b4316
b1787,,,,b3113,b0744,,b0961,,b4481
b0405,,,,b3123,b3125,,b1607,,b4686
b3303,,,,b3130,b3717,,b1823,,b3671
b1767,,,,b3132,b1762,,b0433,,b1501
b2066,,,,b3136,b3646,,b2114,,b4314
b3188,,,,b3137,b3645,,b0931,,b2211
b0815,,,,b3138,b3891,,b0526,,b4121
b1104,,,,b3139,b1498,,b1524,,b0958
b1132,,,,b3140,b2562,,b0785,,b2616
b0391,,,,b3141,b4049,,b1324,,b0610
b0130,,,,b3142,b4484,,b0810,,b3184
b3733,,,,b3143,b2866,,b2566,,b2614
b1707,,,,b3144,b2685,,b0493,,b1550
b0443,,,,b3145,b3834,,b3310,,b3667
b3637,,,,b3151,b0195,,b3741,,b0385
b1534,,,,b3155,b0637,,b1187,,b3965
b0537,,,,b3166,b3492,,b1626,,b0604
b2700,,,,b3168,b1281,,b3648,,b4312
b4148,,,,b3169,b2583,,b2378,,b0010
b2321,,,,b3177,b0142,,b3315,,b3181
b4024,,,,b3194,b1655,,b3770,,b3399
b0931,,,,b3195,b0030,,b3802,,b0355
b0526,,,,b3196,b3020,,b3149,,b3714
b1524,,,,b3197,b3186,,b3821,,b2840
b3986,,,,b3214,b2844,,b0688,,b4050
b0785,,,,b3215,b2796,,b3228,,b4292
b2472,,,,b3216,b1632,,b1804,,b2968
b2566,,,,b3218,b0308,,b3705,,b0564
b0493,,,,b3227,b2576,,b2784,,b3071
b3310,,,,b3230,b3573,,b2948,,b3183
b3741,,,,b3238,b0766,,b3608,,b3070
b1626,,,,b3240,b3219,,b4021,,b1253
b3648,,,,b3241,b4001,,b3729,,b3670
b3315,,,,b3242,b4123,,b3641,,b3816
b3770,,,,b3243,b3742,,b2280,,b4400
b3821,,,,b3250,b0460,,b3811,,b0132
b1804,,,,b3251,b0431,,b0159,,b2578
b3705,,,,b3252,b3974,,b2234,,b1559
b2948,,,,b3260,b1269,,b2568,,b4131
b0383,,,,b3262,b3783,,b0221,,b4570
b4021,,,,b3264,b0061,,b0468,,b1452
b3641,,,,b3265,b1212,,b0898,,b4446
b1863,,,,b3266,b3966,,b0891,,b3271
b3811,,,,b3269,b2623,,b0819,,b4367
b0875,,,,b3270,b3643,,b0446,,b0590
b2234,,,,b3313,b0262,,b0131,,b3291
b3066,,,,b3314,b2975,,b2922,,b4490
b3178,,,,b3318,b3711,,b3321,,b3535
b1667,,,,b3320,b1422,,b3067,,b2958
b0240,,,,b3323,b3779,,b3468,,b1457
b3231,,,,b3324,b2171,,b4316,,b1350
b4222,,,,b3325,b1015,,b3671,,b1102
b0889,,,,b3326,b1741,,b3249,,b0591
b2556,,,,b3327,b3397,,b3184,,b0584
b3895,,,,b3328,b2503,,b3728,,b2408
b0390,,,,b3329,b4298,,b3727,,b4205
b3792,,,,b3331,b3737,,b4292,,b1165
b0184,,,,b3332,b3606,,b2572,,b0002
b0131,,,,b3333,b3735,,b3670,,b0593
b3321,,,,b3335,b4373,,b3816,,b4606
b3067,,,,b3338,b1630,,b2026,,b0585
b4316,,,,b3348,b1418,,b2599,,b0032
b3724,,,,b3350,b1621,,b4367,,b0034
b4481,,,,b3351,b3839,,b0453,,b0036
b0438,,,,b3352,b0474,,b2024,,b0037
b4686,,,,b3359,b1329,,b2025,,b0039
b3671,,,,b3364,b1731,,b1625,,b0041
b1501,,,,b3369,b3459,,b4490,,b0043
b4314,,,,b3370,b2533,,b2022,,b0045
b2211,,,,b3374,b1737,,b2021,,b0068
b4121,,,,b3376,b1786,,b3598,,b0070
b3623,,,,b3377,b3935,,,,b0099
b0958,,,,b3379,b2570,,,,b0113
b2616,,,,b3380,b3743,,,,b0121
b0610,,,,b3381,b3546,,,,b0140
b3184,,,,b3391,b1628,,,,b0157
b2614,,,,b3393,b3158,,,,b0161
b3497,,,,b3394,b2468,,,,b0167
b0071,,,,b3395,b0304,,,,b0174
b0908,,,,b3396,b4371,,,,b0211
b3936,,,,b3402,b3734,,,,b0218
b1550,,,,b3412,b3220,,,,b0252
b0004,,,,b3415,b0743,,,,b0278
b3103,,,,b3422,b1231,,,,b0294
b3667,,,,b3423,b3651,,,,b0297
b0385,,,,b3424,b2256,,,,b0311
b3965,,,,b3425,b1084,,,,b0312
b0604,,,,b3434,b0345,,,,b0318
b4312,,,,b3454,b3165,,,,b0319
b0010,,,,b3455,b2954,,,,b0320
b4126,,,,b3456,b0884,,,,b0336
b3181,,,,b3457,b3096,,,,b0364
b3399,,,,b3458,b1650,,,,b0369
b3097,,,,b3461,b0423,,,,b0393
b4171,,,,b3463,b3703,,,,b0469
b0355,,,,b3469,b4147,,,,b0499
b3714,,,,b3470,b3294,,,,b0501
b2840,,,,b3471,b0679,,,,b0504
b4050,,,,b3473,b1126,,,,b0511
b4292,,,,b3486,b4043,,,,b0517
b2968,,,,b3487,b2536,,,,b0524
b0564,,,,b3518,b3633,,,,b0533
b3071,,,,b3521,b3225,,,,b0551
b3401,,,,b3523,b0143,,,,b0587
b3183,,,,b3525,b2928,,,,b0616
b3427,,,,b3526,b3640,,,,b0628
b3070,,,,b3527,b1848,,,,b0630
b1253,,,,b3531,b0859,,,,b0632
b3670,,,,b3532,b2471,,,,b0645
b3005,,,,b3533,b0405,,,,b0650
b3816,,,,b3534,b1767,,,,b0684
b4400,,,,b3539,b2066,,,,b0703
b3777,,,,b3545,b3188,,,,b0731
b0132,,,,b3550,b0815,,,,b0750
b2578,,,,b3552,b0130,,,,b0768
b0546,,,,b3557,b1707,,,,b0771
b3921,,,,b3558,b0443,,,,b0835
b1559,,,,b3561,b3637,,,,b0841
b2814,,,,b3562,b1900,,,,b0899
b4131,,,,b3563,b0537,,,,b0901
b4570,,,,b3567,b2700,,,,b0905
b1452,,,,b3568,b4117,,,,b0960
b4446,,,,b3569,b0433,,,,b0969
b3271,,,,b3570,b2321,,,,b0970
b4367,,,,b3575,b0526,,,,b0993
b0590,,,,b3577,b3986,,,,b1001
b3291,,,,b3578,b2176,,,,b1047
b1810,,,,b3580,b2472,,,,b1069
b2673,,,,b3583,b2566,,,,b1109
b0150,,,,b3584,b3741,,,,b1113
b4490,,,,b3586,b3128,,,,b1121
b3535,,,,b3589,b1626,,,,b1140
b2958,,,,b3595,b3315,,,,b1141
b1457,,,,b3601,b3821,,,,b1148
b1350,,,,b3613,b1804,,,,b1152
b1102,,,,b3615,b3705,,,,b1153
b0591,,,,b3642,b0383,,,,b1157
b0584,,,,b3652,b4021,,,,b1158
b2408,,,,b3653,b3729,,,,b1183
b4205,,,,b3654,b3641,,,,b1202
b1165,,,,b3655,b1666,,,,b1203
b0002,,,,b3657,b4614,,,,b1204
b0593,,,,b3658,b4654,,,,b1207
b4606,,,,b3659,b2237,,,,b1304
b0585,,,,b3664,b0820,,,,b1306
,,,,b3665,b0875,,,,b1310
,,,,b3666,b3160,,,,b1330
,,,,b3668,b2234,,,,b1352
,,,,b3669,b3845,,,,b1353
,,,,b3673,b4059,,,,b1383
,,,,b3677,b3066,,,,b1386
,,,,b3678,b3368,,,,b1387
,,,,b3679,b3231,,,,b1408
,,,,b3683,b3258,,,,b1409
,,,,b3684,b2556,,,,b1424
,,,,b3685,b4385,,,,b1430
,,,,b3686,b3792,,,,b1435
,,,,b3690,b0176,,,,b1453
,,,,b3691,b0898,,,,b1469
,,,,b3696,b1608,,,,b1499
,,,,b3700,b0634,,,,b1502
,,,,b3701,b0067,,,,b1504
,,,,b3702,b0184,,,,b1520
,,,,b3712,b3574,,,,b1527
,,,,b3715,b3321,,,,b1591
,,,,b3716,b1805,,,,b1601
,,,,b3718,b0514,,,,b1615
,,,,b3719,b4316,,,,b1644
,,,,b3720,b3538,,,,b1645
,,,,b3721,b4481,,,,b1652
,,,,b3722,b0842,,,,b1660
,,,,b3723,b3034,,,,b1662
,,,,b3739,b0877,,,,b1692
,,,,b3740,b4686,,,,b1694
,,,,b3744,b1907,,,,b1695
,,,,b3769,b1501,,,,b1728
,,,,b3773,b3249,,,,b1734
,,,,b3778,b4314,,,,b1742
,,,,b3784,b2211,,,,b1769
,,,,b3795,b0958,,,,b1808
,,,,b3801,b2616,,,,b1814
,,,,b3813,b3184,,,,b1828
,,,,b3817,b2104,,,,b1843
,,,,b3819,b2103,,,,b1847
,,,,b3820,b1363,,,,b1860
,,,,b3822,b1550,,,,b1861
,,,,b3842,b3667,,,,b1862
,,,,b3846,b3728,,,,b1878
,,,,b3861,b0385,,,,b1961
,,,,b3862,b3965,,,,b1983
,,,,b3864,b0604,,,,b2008
,,,,b3871,b4312,,,,b2042
,,,,b3874,b0010,,,,b2046
,,,,b3875,b3727,,,,b2049
,,,,b3876,b3181,,,,b2050
,,,,b3877,b3399,,,,b2052
,,,,b3878,b3714,,,,b2053
,,,,b3879,b3622,,,,b2054
,,,,b3884,b3726,,,,b2055
,,,,b3889,b4029,,,,b2056
,,,,b3890,b3748,,,,b2062
,,,,b3896,b4050,,,,b2108
,,,,b3897,b0564,,,,b2119
,,,,b3898,b4456,,,,b2139
,,,,b3899,b4026,,,,b2140
,,,,b3900,b2506,,,,b2152
,,,,b3909,b1253,,,,b2163
,,,,b3918,b3173,,,,b2165
,,,,b3937,b1916,,,,b2166
,,,,b3944,b3816,,,,b2170
,,,,b3949,b2943,,,,b2199
,,,,b3973,b0059,,,,b2252
,,,,b3976,b1184,,,,b2271
,,,,b3977,b2250,,,,b2273
,,,,b3980,b0971,,,,b2316
,,,,b3981,b4253,,,,b2339
,,,,b3982,b1144,,,,b2345
,,,,b3989,b4131,,,,b2358
,,,,b4003,b4446,,,,b2374
,,,,b4004,b4553,,,,b2376
,,,,b4022,b3460,,,,b2413
,,,,b4027,b3793,,,,b2481
,,,,b4028,b3291,,,,b2482
,,,,b4038,b1625,,,,b2497
,,,,b4044,b3535,,,,b2498
,,,,b4048,b2958,,,,b2508
,,,,b4060,b1457,,,,b2530
,,,,b4063,b1785,,,,b2534
,,,,b4064,b2060,,,,b2551
,,,,b4074,b2671,,,,b2558
,,,,b4075,b2408,,,,b2559
,,,,b4076,b4205,,,,b2571
,,,,b4080,b0005,,,,b2574
,,,,b4081,b1165,,,,b2577
,,,,b4082,b0821,,,,b2600
,,,,b4083,b4606,,,,b2601
,,,,b4084,b1951,,,,b2611
,,,,b4086,b3994,,,,b2626
,,,,b4087,,,,,b2648
,,,,b4090,,,,,b2650
,,,,b4095,,,,,b2686
,,,,b4097,,,,,b2701
,,,,b4102,,,,,b2775
,,,,b4104,,,,,b2778
,,,,b4105,,,,,b2791
,,,,b4106,,,,,b2816
,,,,b4111,,,,,b2827
,,,,b4130,,,,,b2828
,,,,b4132,,,,,b2829
,,,,b4141,,,,,b2847
,,,,b4145,,,,,b2873
,,,,b4155,,,,,b2882
,,,,b4156,,,,,b2969
,,,,b4157,,,,,b2970
,,,,b4158,,,,,b2992
,,,,b4181,,,,,b2993
,,,,b4182,,,,,b2994
,,,,b4183,,,,,b3055
,,,,b4184,,,,,b3061
,,,,b4185,,,,,b3095
,,,,b4186,,,,,b3110
,,,,b4191,,,,,b3143
,,,,b4193,,,,,b3262
,,,,b4198,,,,,b3264
,,,,b4204,,,,,b3265
,,,,b4208,,,,,b3347
,,,,b4210,,,,,b3363
,,,,b4215,,,,,b3471
,,,,b4224,,,,,b3493
,,,,b4225,,,,,b3527
,,,,b4240,,,,,b3552
,,,,b4242,,,,,b3585
,,,,b4249,,,,,b3589
,,,,b4257,,,,,b3595
,,,,b4262,,,,,b3618
,,,,b4264,,,,,b3639
,,,,b4265,,,,,b3642
,,,,b4266,,,,,b3683
,,,,b4267,,,,,b3690
,,,,b4268,,,,,b3718
,,,,b4270,,,,,b3722
,,,,b4271,,,,,b3723
,,,,b4272,,,,,b3822
,,,,b4273,,,,,b3825
,,,,b4277,,,,,b3832
,,,,b4278,,,,,b3833
,,,,b4281,,,,,b3835
,,,,b4282,,,,,b3865
,,,,b4284,,,,,b3878
,,,,b4286,,,,,b3897
,,,,b4294,,,,,b3909
,,,,b4295,,,,,b3944
,,,,b4296,,,,,b3977
,,,,b4297,,,,,b4023
,,,,b4299,,,,,b4028
,,,,b4305,,,,,b4038
,,,,b4308,,,,,b4048
,,,,b4309,,,,,b4058
,,,,b4310,,,,,b4074
,,,,b4311,,,,,b4076
,,,,b4313,,,,,b4083
,,,,b4317,,,,,b4086
,,,,b4318,,,,,b4087
,,,,b4319,,,,,b4095
,,,,b4320,,,,,b4102
,,,,b4321,,,,,b4105
,,,,b4322,,,,,b4106
,,,,b4323,,,,,b4132
,,,,b4324,,,,,b4133
,,,,b4325,,,,,b4150
,,,,b4327,,,,,b4155
,,,,b4328,,,,,b4156
,,,,b4332,,,,,b4183
,,,,b4333,,,,,b4232
,,,,b4339,,,,,b4233
,,,,b4341,,,,,b4268
,,,,b4347,,,,,b4277
,,,,b4351,,,,,b4278
,,,,b4355,,,,,b4358
,,,,b4356,,,,,b4365
,,,,b4358,,,,,b4368
,,,,b4364,,,,,b4470
,,,,b4365,,,,,b4482
,,,,b4366,,,,,b4494
,,,,b4368,,,,,b4495
,,,,b4370,,,,,b4500
,,,,b4372,,,,,b4598
,,,,b4388,,,,,b4618
,,,,b4394,,,,,b4630
,,,,b4397,,,,,b4637
,,,,b4398,,,,,b4642
,,,,b4399,,,,,b4668
,,,,b4413,,,,,b4670
,,,,b4415,,,,,b4671
,,,,b4417,,,,,b4680
,,,,b4418,,,,,b4693
,,,,b4426,,,,,b4714
,,,,b4427,,,,,b1674
,,,,b4431,,,,,b1905
,,,,b4435,,,,,b0844
,,,,b4437,,,,,b0574
,,,,b4438,,,,,b2888
,,,,b4447,,,,,b2693
,,,,b4453,,,,,b2789
,,,,b4454,,,,,b2669
,,,,b4458,,,,,b2734
,,,,b4462,,,,,b3051
,,,,b4463,,,,,b4345
,,,,b4464,,,,,b0843
,,,,b4465,,,,,b1857
,,,,b4466,,,,,b3050
,,,,b4469,,,,,b1580
,,,,b4470,,,,,b1531
,,,,b4473,,,,,b2518
,,,,b4474,,,,,b4483
,,,,b4475,,,,,b3263
,,,,b4476,,,,,b2801
,,,,b4482,,,,,b1581
,,,,b4486,,,,,b0636
,,,,b4488,,,,,b2435
,,,,b4491,,,,,b0873
,,,,b4492,,,,,b0416
,,,,b4494,,,,,b1137
,,,,b4495,,,,,b0781
,,,,b4497,,,,,b0763
,,,,b4499,,,,,b1673
,,,,b4500,,,,,b2436
,,,,b4501,,,,,b2151
,,,,b4503,,,,,b1959
,,,,b4508,,,,,b2102
,,,,b4516,,,,,b1243
,,,,b4519,,,,,b2681
,,,,b4520,,,,,b1643
,,,,b4521,,,,,b2101
,,,,b4527,,,,,b0512
,,,,b4536,,,,,b1762
,,,,b4537,,,,,b1498
,,,,b4539,,,,,b2685
,,,,b4541,,,,,b3834
,,,,b4556,,,,,b1335
,,,,b4559,,,,,b0195
,,,,b4572,,,,,b0637
,,,,b4576,,,,,b2583
,,,,b4578,,,,,b1859
,,,,b4579,,,,,b2576
,,,,b4580,,,,,b0529
,,,,b4587,,,,,b4123
,,,,b4590,,,,,b0415
,,,,b4597,,,,,b3711
,,,,b4599,,,,,b2604
,,,,b4600,,,,,b0799
,,,,b4602,,,,,b1741
,,,,b4611,,,,,b2200
,,,,b4613,,,,,b0503
,,,,b4618,,,,,b1135
,,,,b4623,,,,,b3546
,,,,b4625,,,,,b1807
,,,,b4629,,,,,b2496
,,,,b4630,,,,,b4371
,,,,b4631,,,,,b0743
,,,,b4632,,,,,b2268
,,,,b4635,,,,,b1969
,,,,b4639,,,,,b3154
,,,,b4641,,,,,b4166
,,,,b4642,,,,,b4147
,,,,b4643,,,,,b1856
,,,,b4644,,,,,b1914
,,,,b4645,,,,,b1811
,,,,b4646,,,,,b1848
,,,,b4648,,,,,b2370
,,,,b4649,,,,,b3229
,,,,b4653,,,,,b0961
,,,,b4655,,,,,b0433
,,,,b4657,,,,,b2114
,,,,b4661,,,,,b3228
,,,,b4665,,,,,b2231
,,,,b4668,,,,,b0618
,,,,b4670,,,,,b0114
,,,,b4671,,,,,b0820
,,,,b4672,,,,,b0898
,,,,b4675,,,,,b3574
,,,,b4680,,,,,b1657
,,,,b4693,,,,,b1363
,,,,b4694,,,,,b2313
,,,,b4699,,,,,b4026
,,,,b4703,,,,,b1436
,,,,b4705,,,,,b1184
,,,,b4713,,,,,b3635
,,,,b4714,,,,,b1144
,,,,b3854,,,,,b0509
,,,,b0991,,,,,b1785
,,,,b1073,,,,,b2060
,,,,b1797,,,,,b1060
,,,,b1946,,,,,b2671
,,,,b0990,,,,,b4254
,,,,b4517,,,,,b4142
,,,,b1674,,,,,b1951
,,,,b0301,,,,,b0097
,,,,b2402,,,,,b0175
,,,,b1074,,,,,b0214
,,,,b1796,,,,,b0421
,,,,b2667,,,,,b0465
,,,,b2871,,,,,b0470
,,,,b0137,,,,,b0472
,,,,b2379,,,,,b0495
,,,,b1905,,,,,b0496
,,,,b0450,,,,,b0569
,,,,b3704,,,,,b0571
,,,,b2668,,,,,b0635
,,,,b0721,,,,,b0774
,,,,b0263,,,,,b0817
,,,,b4566,,,,,b0822
,,,,b4667,,,,,b0847
,,,,b4307,,,,,b0914
,,,,b0574,,,,,b0915
,,,,b0722,,,,,b0926
,,,,b2289,,,,,b0927
,,,,b2888,,,,,b1112
,,,,b2789,,,,,b1255
,,,,b2669,,,,,b1266
,,,,b4306,,,,,b1298
,,,,b2734,,,,,b1588
,,,,b3051,,,,,b1733
,,,,b0306,,,,,b1829
,,,,b4432,,,,,b1849
,,,,b1821,,,,,b1876
,,,,b1075,,,,,b1962
,,,,b0233,,,,,b1973
,,,,b0342,,,,,b2069
,,,,b1558,,,,,b2153
,,,,b3050,,,,,b2183
,,,,b0305,,,,,b2188
,,,,b1580,,,,,b2312
,,,,b2875,,,,,b2469
,,,,b1915,,,,,b2519
,,,,b0372,,,,,b2528
,,,,b4502,,,,,b2529
,,,,b0987,,,,,b2550
,,,,b1014,,,,,b2995
,,,,b0946,,,,,b3155
,,,,b3175,,,,,b3195
,,,,b4640,,,,,b3197
,,,,b3083,,,,,b3235
,,,,b1531,,,,,b3238
,,,,b0557,,,,,b3241
,,,,b3775,,,,,b3243
,,,,b2518,,,,,b3289
,,,,b2082,,,,,b3346
,,,,b4483,,,,,b3351
,,,,b2766,,,,,b3352
,,,,b4109,,,,,b3461
,,,,b2524,,,,,b3650
,,,,b1061,,,,,b3712
,,,,b2801,,,,,b3744
,,,,b1938,,,,,b3754
,,,,b1892,,,,,b3755
,,,,b1922,,,,,b3809
,,,,b2872,,,,,b4111
,,,,b4110,,,,,b4361
,,,,b1581,,,,,b4364
,,,,b0636,,,,,b0528
,,,,b1284,,,,,b0845
,,,,b2435,,,,,b2997
,,,,b2798,,,,,b2996
,,,,b1841,,,,,b3075
,,,,b1945,,,,,b3709
,,,,b2788,,,,,b1816
,,,,b0685,,,,,b3344
,,,,b3964,,,,,b1685
,,,,b2428,,,,,b1858
,,,,b4340,,,,,b2172
,,,,b2603,,,,,b1794
,,,,b1407,,,,,b3893
,,,,b0689,,,,,b4498
,,,,b0164,,,,,b0196
,,,,b3185,,,,,b2369
,,,,b4573,,,,,b1134
,,,,b1530,,,,,b3962
,,,,b4088,,,,,b1763
,,,,b4585,,,,,b1117
,,,,b1532,,,,,b3892
,,,,b0763,,,,,b3894
,,,,b1673,,,,,b0464
,,,,b3301,,,,,b3307
,,,,b4017,,,,,b1191
,,,,b4342,,,,,b2181
,,,,b1988,,,,,b1960
,,,,b4440,,,,,b0387
,,,,b2684,,,,,b1332
,,,,b1023,,,,,b1522
,,,,b2436,,,,,b4331
,,,,b1891,,,,,b3651
,,,,b4337,,,,,b3345
,,,,b2151,,,,,b1053
,,,,b3092,,,,,b0158
,,,,b0715,,,,,b3038
,,,,b0945,,,,,b1210
,,,,b2802,,,,,b0477
,,,,b2399,,,,,b1607
,,,,b3084,,,,,b3258
,,,,b1230,,,,,b3464
,,,,b1959,,,,,b0819
,,,,b0459,,,,,b1608
,,,,b0307,,,,,b1090
,,,,b2944,,,,,b0877
,,,,b1798,,,,,b0461
,,,,b2325,,,,,b4030
,,,,b2102,,,,,b3203
,,,,b1839,,,,,b0776
,,,,b2677,,,,,b0775
,,,,b3311,,,,,b4487
,,,,b2782,,,,,b0116
,,,,b2172,,,,,b0313
,,,,b1077,,,,,b0452
,,,,b2681,,,,,b0921
,,,,b0316,,,,,b1299
,,,,b1643,,,,,b1307
,,,,b2073,,,,,b1308
,,,,b2101,,,,,b1445
,,,,b0238,,,,,b1704
,,,,b1216,,,,,b1842
,,,,b0744,,,,,b2014
,,,,b0512,,,,,b2393
,,,,b3717,,,,,b2456
,,,,b1762,,,,,b2582
,,,,b3646,,,,,b2874
,,,,b0225,,,,,b2883
,,,,b2562,,,,,b2980
,,,,b4049,,,,,b3035
,,,,b4484,,,,,b3088
,,,,b2866,,,,,b3664
,,,,b2685,,,,,b4417
,,,,b1789,,,,,b4437
,,,,b0637,,,,,b2878
,,,,b3492,,,,,b2871
,,,,b4077,,,,,b2870
,,,,b1281,,,,,b2879
,,,,b2583,,,,,b0280
,,,,b1655,,,,,b4523
,,,,b4256,,,,,b2876
,,,,b3020,,,,,b2872
,,,,b2844,,,,,b4088
,,,,b0308,,,,,b2880
,,,,b0766,,,,,b1532
,,,,b3219,,,,,b4687
,,,,b4001,,,,,b2154
,,,,b4687,,,,,b1727
,,,,b1840,,,,,b1245
,,,,b4123,,,,,b1719
,,,,b3649,,,,,b1247
,,,,b0258,,,,,b1244
,,,,b0281,,,,,b0428
,,,,b1540,,,,,b1246
,,,,b0460,,,,,b2176
,,,,b4624,,,,,b1187
,,,,b1186,,,,,b0891
,,,,b1269,,,,,b3502
,,,,b1582,,,,,b3034
,,,,b3783,,,,,b3501
,,,,b1212,,,,,b1305
,,,,b2623,,,,,b0821
,,,,b3643,,,,,b0141
,,,,b0262,,,,,b0188
,,,,b2065,,,,,b0210
,,,,b2783,,,,,b0272
,,,,b2975,,,,,b0363
,,,,b1295,,,,,b0603
,,,,b1422,,,,,b0619
,,,,b2171,,,,,b0674
,,,,b1434,,,,,b0745
,,,,b1015,,,,,b0746
,,,,b1741,,,,,b0747
,,,,b3397,,,,,b0765
,,,,b2503,,,,,b0772
,,,,b4298,,,,,b0787
,,,,b0479,,,,,b0794
,,,,b3606,,,,,b0796
,,,,b4053,,,,,b0807
,,,,b3017,,,,,b0834
,,,,b2181,,,,,b0848
,,,,b4373,,,,,b0858
,,,,b1630,,,,,b0868
,,,,b1418,,,,,b0883
,,,,b1960,,,,,b0967
,,,,b1621,,,,,b1012
,,,,b1329,,,,,b1059
,,,,b1731,,,,,b1079
,,,,b1328,,,,,b1082
,,,,b3459,,,,,b1096
,,,,b2533,,,,,b1097
,,,,b1737,,,,,b1099
,,,,b2429,,,,,b1171
,,,,b0850,,,,,b1194
,,,,b1786,,,,,b1201
,,,,b3935,,,,,b1249
,,,,b2570,,,,,b1365
,,,,b3743,,,,,b1503
,,,,b1332,,,,,b1605
,,,,b1522,,,,,b1649
,,,,b1628,,,,,b1690
,,,,b4690,,,,,b1711
,,,,b2468,,,,,b1714
,,,,b4371,,,,,b1760
,,,,b3220,,,,,b1775
,,,,b1177,,,,,b1776
,,,,b1231,,,,,b1881
,,,,b2256,,,,,b1883
,,,,b0345,,,,,b1884
,,,,b1969,,,,,b1885
,,,,b3154,,,,,b1886
,,,,b4429,,,,,b1887
,,,,b1650,,,,,b1888
,,,,b1620,,,,,b1890
,,,,b0423,,,,,b1925
,,,,b1053,,,,,b1972
,,,,b1126,,,,,b2048
,,,,b3662,,,,,b2118
,,,,b1162,,,,,b2149
,,,,b2536,,,,,b2173
,,,,b1914,,,,,b2182
,,,,b3225,,,,,b2229
,,,,b0143,,,,,b2230
,,,,b3800,,,,,b2253
,,,,b0764,,,,,b2299
,,,,b1848,,,,,b2310
,,,,b0859,,,,,b2319
,,,,b0405,,,,,b2342
,,,,b3188,,,,,b2372
,,,,b0815,,,,,b2373
,,,,b1850,,,,,b2412
,,,,b1210,,,,,b2419
,,,,b0130,,,,,b2451
,,,,b0269,,,,,b2453
,,,,b1707,,,,,b2505
,,,,b4117,,,,,b2569
,,,,b1607,,,,,b2709
,,,,b2321,,,,,b2714
,,,,b4024,,,,,b2737
,,,,b1524,,,,,b2738
,,,,b2472,,,,,b2803
,,,,b2566,,,,,b2806
,,,,b3741,,,,,b2807
,,,,b1626,,,,,b2810
,,,,b3821,,,,,b2864
,,,,b0732,,,,,b2957
,,,,b1804,,,,,b3018
,,,,b3705,,,,,b3027
,,,,b0383,,,,,b3064
,,,,b1863,,,,,b3078
,,,,b0246,,,,,b3080
,,,,b0618,,,,,b3086
,,,,b1569,,,,,b3113
,,,,b1666,,,,,b3145
,,,,b2361,,,,,b3151
,,,,b4608,,,,,b3177
,,,,b4614,,,,,b3227
,,,,b4698,,,,,b3269
,,,,b4701,,,,,b3331
,,,,b0820,,,,,b3332
,,,,b0875,,,,,b3359
,,,,b3066,,,,,b3412
,,,,b3178,,,,,b3454
,,,,b0240,,,,,b3455
,,,,b3462,,,,,b3456
,,,,b1083,,,,,b3457
,,,,b4222,,,,,b3458
,,,,b0273,,,,,b3525
,,,,b3258,,,,,b3561
,,,,b2556,,,,,b3569
,,,,b3464,,,,,b3586
,,,,b0449,,,,,b3652
,,,,b2340,,,,,b3658
,,,,b1145,,,,,b3665
,,,,b4385,,,,,b3677
,,,,b0221,,,,,b3679
,,,,b3398,,,,,b3684
,,,,b0950,,,,,b3685
,,,,b3792,,,,,b3691
,,,,b0176,,,,,b3801
,,,,b0898,,,,,b3820
,,,,b2808,,,,,b3846
,,,,b0497,,,,,b3877
,,,,b0402,,,,,b3884
,,,,b0819,,,,,b3980
,,,,b1608,,,,,b4027
,,,,b0067,,,,,b4084
,,,,b2538,,,,,b4185
,,,,b1528,,,,,b4186
,,,,b1090,,,,,b4198
,,,,b3574,,,,,b4240
,,,,b3502,,,,,b4266
,,,,b1657,,,,,b4267
,,,,b1805,,,,,b4321
,,,,b3067,,,,,b4323
,,,,b2075,,,,,b4332
,,,,b0514,,,,,b4355
,,,,b1013,,,,,b4388
,,,,b2812,,,,,b4426
,,,,b0842,,,,,b4438
,,,,b0399,,,,,b4466
,,,,b4261,,,,,b4559
,,,,b0877,,,,,b4597
,,,,b2512,,,,,b4599
,,,,b1907,,,,,b4635
,,,,b1501,,,,,b4653
,,,,b2211,,,,,b1073
,,,,b0933,,,,,b1797
,,,,b4121,,,,,b1946
,,,,b2015,,,,,b1074
,,,,b1091,,,,,b1796
,,,,b0314,,,,,b0450
,,,,b0958,,,,,b0263
,,,,b2616,,,,,b4667
,,,,b3184,,,,,b0306
,,,,b2104,,,,,b4432
,,,,b0461,,,,,b1821
,,,,b2103,,,,,b1075
,,,,b1363,,,,,b0342
,,,,b3907,,,,,b2875
,,,,b3667,,,,,b2082
,,,,b3728,,,,,b2766
,,,,b0396,,,,,b1938
,,,,b2511,,,,,b1922
,,,,b0385,,,,,b2798
,,,,b4312,,,,,b1945
,,,,b0795,,,,,b2788
,,,,b1992,,,,,b2428
,,,,b0010,,,,,b4585
,,,,b4030,,,,,b3092
,,,,b0287,,,,,b0715
,,,,b3727,,,,,b2802
,,,,b0355,,,,,b0307
,,,,b3714,,,,,b2325
,,,,b3726,,,,,b2677
,,,,b4029,,,,,b3311
,,,,b3883,,,,,b2782
,,,,b2840,,,,,b1077
,,,,b1248,,,,,b2073
,,,,b1985,,,,,b0744
,,,,b3748,,,,,b2866
,,,,b4050,,,,,b3492
,,,,b4292,,,,,b4256
,,,,b2968,,,,,b3020
,,,,b0793,,,,,b0308
,,,,b3071,,,,,b4624
,,,,b4456,,,,,b2065
,,,,b4192,,,,,b2783
,,,,b2506,,,,,b1434
,,,,b3183,,,,,b0479
,,,,b3501,,,,,b3017
,,,,b2572,,,,,b1621
,,,,b3070,,,,,b1328
,,,,b1253,,,,,b1737
,,,,b2218,,,,,b2429
,,,,b1181,,,,,b0850
,,,,b3173,,,,,b2468
,,,,b4197,,,,,b4429
,,,,b1916,,,,,b1650
,,,,b1806,,,,,b1620
,,,,b3816,,,,,b3800
,,,,b2943,,,,,b0764
,,,,b1436,,,,,b1850
,,,,b4400,,,,,b0269
,,,,b0132,,,,,b4117
,,,,b2771,,,,,b0732
,,,,b2578,,,,,b1666
,,,,b1184,,,,,b4614
,,,,b2250,,,,,b4385
,,,,b0971,,,,,b0221
,,,,b1463,,,,,b0176
,,,,b0592,,,,,b0067
,,,,b4253,,,,,b1805
,,,,b2239,,,,,b0514
,,,,b4212,,,,,b0842
,,,,b3635,,,,,b1907
,,,,b1559,,,,,b2104
,,,,b3958,,,,,b2103
,,,,b0153,,,,,b3728
,,,,b4031,,,,,b0795
,,,,b4131,,,,,b3727
,,,,b4570,,,,,b3726
,,,,b1452,,,,,b4029
,,,,b4446,,,,,b3748
,,,,b1252,,,,,b4456
,,,,b3271,,,,,b2506
,,,,b4553,,,,,b2572
,,,,b4696,,,,,b3173
,,,,b1574,,,,,b1916
,,,,b3460,,,,,b2943
,,,,b0530,,,,,b2250
,,,,b1305,,,,,b0971
,,,,b2573,,,,,b4253
,,,,b0590,,,,,b4553
,,,,b1360,,,,,b3460
,,,,b0509,,,,,b1625
,,,,b1625,,,,,b0005
,,,,b1873,,,,,b0411
,,,,b1357,,,,,b1476
,,,,b0802,,,,,b2041
,,,,b4490,,,,,b2126
,,,,b2392,,,,,b2344
,,,,b2958,,,,,b2689
,,,,b0833,,,,,b2690
,,,,b1350,,,,,b2792
,,,,b4620,,,,,b2964
,,,,b2060,,,,,b3416
,,,,b4115,,,,,b3417
,,,,b1102,,,,,b3603
,,,,b1037,,,,,b3730
,,,,b1060,,,,,b3920
,,,,b0697,,,,,b3925
,,,,b2671,,,,,b4033
,,,,b4442,,,,,b4468
,,,,b0591,,,,,b2207
,,,,b0584,,,,,b1474
,,,,b2408,,,,,b3117
,,,,b4254,,,,,b2208
,,,,b4205,,,,,b4036
,,,,b0005,,,,,b1475
,,,,b1165,,,,,b3115
,,,,b0002,,,,,b4032
,,,,b0593,,,,,b4037
,,,,b3446,,,,,b3116
,,,,b1573,,,,,b4035
,,,,b4457,,,,,b4557
,,,,b4677,,,,,b0063
,,,,b0776,,,,,b3476
,,,,b0821,,,,,b4034
,,,,b3687,,,,,b2768
,,,,b1168,,,,,b3114
,,,,b1039,,,,,b0062
,,,,b1537,,,,,b4346
,,,,b1951,,,,,b2977
,,,,b1038,,,,,b4122
,,,,b4487,,,,,b3480
,,,,b1577,,,,,b3125
,,,,b0585,,,,,b0030
,,,,b1954,,,,,b3573
,,,,b2466,,,,,b0061
,,,,b1167,,,,,b3158
,,,,b0698,,,,,b0304
,,,,b3758,,,,,b1084
,,,,,,,,,b0679
,,,,,,,,,b2471
,,,,,,,,,b1900
,,,,,,,,,b3128
,,,,,,,,,b3729
,,,,,,,,,b3249
,,,,,,,,,b1234
,,,,,,,,,b1223
,,,,,,,,,b1224
,,,,,,,,,b3365
,,,,,,,,,b3366
,,,,,,,,,b2206
,,,,,,,,,b0339
,,,,,,,,,b4071
,,,,,,,,,b1225
,,,,,,,,,b1226
,,,,,,,,,b2203
,,,,,,,,,b2205
,,,,,,,,,b4072
,,,,,,,,,b4062
,,,,,,,,,b0846
,,,,,,,,,b1977
,,,,,,,,,b4070
,,,,,,,,,b0784
,,,,,,,,,b1715
,,,,,,,,,b2659
,,,,,,,,,b1227
,,,,,,,,,b3354
,,,,,,,,,b1623
,,,,,,,,,b3873
,,,,,,,,,b3076
,,,,,,,,,b3367
,,,,,,,,,b4596
,,,,,,,,,b1221
,,,,,,,,,b0340
,,,,,,,,,b0429
,,,,,,,,,b4085
,,,,,,,,,b1071
,,,,,,,,,b2953
,,,,,,,,,b2509
,,,,,,,,,b3753
,,,,,,,,,b2683
,,,,,,,,,b2896
,,,,,,,,,b0826
,,,,,,,,,b2287
,,,,,,,,,b2823
,,,,,,,,,b3312
,,,,,,,,,b2618
,,,,,,,,,b1717
,,,,,,,,,b2285
,,,,,,,,,b2094
,,,,,,,,,b4202
,,,,,,,,,b0727
,,,,,,,,,b2093
,,,,,,,,,b0208
,,,,,,,,,b0809
,,,,,,,,,b3309
,,,,,,,,,b1778
,,,,,,,,,b2279
,,,,,,,,,b1035
,,,,,,,,,b0122
,,,,,,,,,b2935
,,,,,,,,,b4216
,,,,,,,,,b3752
,,,,,,,,,b0686
,,,,,,,,,b2286
,,,,,,,,,b3750
,,,,,,,,,b2902
,,,,,,,,,b0675
,,,,,,,,,b3150
,,,,,,,,,b0598
,,,,,,,,,b1175
,,,,,,,,,b2532
,,,,,,,,,b0420
,,,,,,,,,b1467
,,,,,,,,,b2125
,,,,,,,,,b1105
,,,,,,,,,b1468
,,,,,,,,,b2442
,,,,,,,,,b2092
,,,,,,,,,b3499
,,,,,,,,,b3749
,,,,,,,,,b1222
,,,,,,,,,b0422
,,,,,,,,,b4558
,,,,,,,,,b2744
,,,,,,,,,b2284
,,,,,,,,,b3081
,,,,,,,,,b2264
,,,,,,,,,b2124
,,,,,,,,,b3031
,,,,,,,,,b2619
,,,,,,,,,b0050
,,,,,,,,,b3751
,,,,,,,,,b0655
,,,,,,,,,b3843
,,,,,,,,,b1709
,,,,,,,,,b3098
,,,,,,,,,b2276
,,,,,,,,,b1215
,,,,,,,,,b0811
,,,,,,,,,b1211
,,,,,,,,,b3091
,,,,,,,,,b3810
,,,,,,,,,b1823
,,,,,,,,,b1324
,,,,,,,,,b0810
,,,,,,,,,b2378
,,,,,,,,,b3802
,,,,,,,,,b3149
,,,,,,,,,b0688
,,,,,,,,,b2784
,,,,,,,,,b3608
,,,,,,,,,b2280
,,,,,,,,,b0159
